tree
version=v4
num_class=1
num_tree_per_iteration=1
label_index=0
max_feature_idx=108
objective=regression
feature_names=year quarter month week_of_year day_of_month day_of_week day_of_year weekend_flag month_start month_end quarter_start quarter_end day_sin day_cos month_sin month_cos black_friday_week christmas_season new_year_day mothers_day fathers_day fourier_sin_1 fourier_cos_1 fourier_sin_2 fourier_cos_2 fourier_sin_3 fourier_cos_3 log_rev_lag_1 orders_lag_1 customers_lag_1 aov_lag_1 log_rev_lag_2 rev_lag_2 orders_lag_2 customers_lag_2 aov_lag_2 log_rev_lag_3 rev_lag_3 orders_lag_3 customers_lag_3 aov_lag_3 log_rev_lag_7 rev_lag_7 orders_lag_7 customers_lag_7 aov_lag_7 log_rev_lag_14 rev_lag_14 orders_lag_14 customers_lag_14 aov_lag_14 log_rev_lag_28 rev_lag_28 orders_lag_28 customers_lag_28 aov_lag_28 log_rev_lag_30 rev_lag_30 orders_lag_30 customers_lag_30 aov_lag_30 log_rev_lag_60 rev_lag_60 orders_lag_60 customers_lag_60 aov_lag_60 log_rev_lag_90 rev_lag_90 orders_lag_90 customers_lag_90 aov_lag_90 log_rev_roll_mean_7 rev_roll_mean_7 log_rev_roll_std_7 log_rev_roll_min_7 log_rev_roll_max_7 log_rev_roll_ema_7 log_rev_roll_mean_14 rev_roll_mean_14 log_rev_roll_std_14 log_rev_roll_min_14 log_rev_roll_max_14 log_rev_roll_ema_14 log_rev_roll_mean_30 rev_roll_mean_30 log_rev_roll_std_30 log_rev_roll_min_30 log_rev_roll_max_30 log_rev_roll_ema_30 log_rev_roll_mean_60 rev_roll_mean_60 log_rev_roll_std_60 log_rev_roll_min_60 log_rev_roll_max_60 log_rev_roll_ema_60 log_rev_roll_mean_90 rev_roll_mean_90 log_rev_roll_std_90 log_rev_roll_min_90 log_rev_roll_max_90 log_rev_roll_ema_90 orders_prev_day aov_prev_day customers_prev_day items_prev_day items_per_order_prev_day freight_prev_day avg_freight_prev_day time_index
feature_infos=[2016:2018] [1:4] [1:12] [1:52] [1:31] [1:7] [1:366] [0:1] none none none none [-0.97492791218182362:0.97492791218182362] [-0.90096886790241903:1] [-1:1] [-1:1] none none none none none [-0.9999994220246925:0.99998555065071859] [-0.99997919295908233:0.9999907524084426] [-0.9999994220246925:0.99995318436087299] [-0.99999768809943823:0.99996300980480612] [-0.99999479822624138:0.99999479822624138] [-0.99997919295908233:0.99991677270219526] [0:12.091663704957496] [0:1166] [0:1166] [0:361.9975] [0:12.091663704957496] [0:178377.63] [0:1166] [0:1166] [0:361.9975] [0:12.091663704957496] [0:178377.63] [0:1166] [0:1166] [0:361.9975] [0:12.091663704957496] [0:178377.63] [0:1166] [0:1166] [0:361.9975] [0:12.091663704957496] [0:178377.63] [0:1166] [0:1166] [0:361.9975] [0:12.091663704957496] [0:178377.63] [0:1166] [0:1166] [0:361.9975] [0:12.091663704957496] [0:178377.63] [0:1166] [0:1166] [0:361.9975] [0:12.091663704957496] [0:178377.63] [0:1166] [0:1166] [0:361.9975] [0:12.091663704957496] [0:178377.63] [0:1166] [0:1166] [0:361.9975] [0:11.093346927603017] [0:73607.908571428576] [1.4188743489072422e-07:3.7008330059389163] [0:10.758596044653858] [0:12.091663704957496] [5.9911897745229966e-09:10.97507187629494] [0:10.85954145011193] [0:57648.473571428571] [0:3.7008574043676528] [0:10.440227091579148] [0:12.091663704957496] [0.00017804334565012507:10.778355154323467] [0:10.608918327249693] [0:44564.264000000003] [2.0269806481627057e-17:3.8658200808642342] [0:10.250598002177194] [0:12.091663704957496] [0.029734514087074122:10.579789171190235] [0:10.492271291830185] [0:36684.088666666663] [3.4703165873264194e-08:4.2317332164438515] [0:10.127525903397791] [0:12.091663704957496] [0.20070428645312177:10.492169714680166] [0.33847220028271996:10.45721091596573] [44.142111111111113:35894.094888888889] [0.24243031008947108:4.3645243173815382] [0:9.6077847330530037] [7.2786220409856188:12.091663704957496] [0.31482002232545359:10.448094492992176] [0:1166] [0:361.9975] [0:1166] [0:1366] [0:1.5] [0:25723.889999999999] [0:28.985140000000001] [90:573]
tree_sizes=782 828 741 832 826 920 831 901 996 996 1065 809 894 1061 871 988 1157 1057 1086 1034 1152 983 1159 1073 1197 1102 1140 1209 1292 1456 1065 1456 1377 1182 1235 1315 1123 1468 1172 1151 1309 1410 1431 1430 1622 1361 1625 1440 1005 1035 1255 1681 1455 1484 1285 1684 1399 1348 1496 1466 1414 1401 1503 1235 1198 1207 1573 1521 1421 1462 1495 1620 1611 1526 1616 1283 1593 1525 1426 1447 1440 1524 1509 1267 1479 1536 1471 1637 1270 1660 1632 1519 1591 1554

Tree=0
num_leaves=8
num_cat=0
split_feature=71 100 24 75 43 24 5
split_gain=2560.66 81.8104 25.3998 21.1438 2.42661 1.50684 0.308573
threshold=0.68493477539407477 8.5620299264247652 0.6490740716826261 10.434170354559972 108.50000000000001 -0.41594454530410557 4.5000000000000009
decision_type=2 2 2 2 2 2 2
left_child=-1 2 5 4 -3 6 -2
right_child=1 3 -4 -5 -6 -7 -8
leaf_value=8.5754627349482355 9.2241481322879917 9.2298024567724148 9.119647292835749 9.2948549705554147 9.2575367961575363 9.1982930041510116 9.2055951475533195
leaf_weight=34 31 57 20 143 142 33 24
leaf_count=34 31 57 20 143 142 33 24
internal_value=9.19837 9.2515 9.19151 9.27042 9.25076 9.21052 9.21812
internal_weight=484 450 108 342 199 88 55
internal_count=484 450 108 342 199 88 55
is_linear=0
shrinkage=1


Tree=1
num_leaves=8
num_cat=0
split_feature=71 89 32 28 43 5 74
split_gain=2211.96 70.0671 24.1968 16.6428 2.45835 1.73903 0.618368
threshold=0.68493477539407477 9.5049740197213186 5122.7300000000005 178.50000000000003 108.50000000000001 5.5000000000000009 8.7295801957633934
decision_type=2 2 2 2 2 2 2
left_child=-1 2 -2 4 -3 6 -4
right_child=1 3 5 -5 -6 -7 -8
leaf_value=-0.57930045038555367 -0.072498220399865351 0.028421184368882156 0.0043111662311515701 0.091762547354558618 0.056773079203358959 -0.0012136089313691189 0.025330817754337254
leaf_weight=34 21 50 21 126 155 28 49
leaf_count=34 21 50 21 126 155 28 49
internal_value=-0.000258073 0.0490229 -0.00311567 0.0676938 0.0509038 0.0139502 0.0203752
internal_weight=484 450 119 331 205 98 70
internal_count=484 450 119 331 205 98 70
is_linear=0
shrinkage=0.0798702


Tree=2
num_leaves=7
num_cat=0
split_feature=72 27 79 89 68 27
split_gain=1910.78 60.6207 29.3573 5.5323 3.53669 0.70741
threshold=51.920714285714297 9.8669827928176961 0.5285689279389888 9.8479215912271698 28.500000000000004 9.2168813266821044
decision_type=2 2 2 2 2 2
left_child=-1 2 4 -3 5 -2
right_child=1 3 -4 -5 -6 -7
leaf_value=-0.5387457764546284 -0.00048266872704468699 0.041429780918835792 -0.070400863034816769 0.07805988975783007 0.032246606906086592 0.013430547064400925
leaf_weight=34 29 60 20 195 97 49
leaf_count=34 29 60 20 195 97 49
internal_value=-0.000562343 0.0452368 0.0109771 0.0705569 0.0221843 0.00792358
internal_weight=484 450 195 255 175 78
internal_count=484 450 195 255 175 78
is_linear=0
shrinkage=0.0798702


Tree=3
num_leaves=8
num_cat=0
split_feature=71 104 79 106 46 23 60
split_gain=1650.44 52.2756 17.3121 14.5479 1.01586 0.989425 0.324093
threshold=0.68493477539407477 97.500000000000014 0.50492354369037562 3303.8350000000005 9.8370046212059012 0.90159200968320541 164.3348114630468
decision_type=2 2 2 2 2 2 2
left_child=-1 2 5 4 -3 6 -2
right_child=1 3 -4 -5 -6 -7 -8
leaf_value=-0.50103014564118042 0.020707825564085798 0.026662314003306337 -0.064821510465360485 0.072750308523418641 0.046067754681747966 -0.0022719410931103358 0.0046901711870305203
leaf_weight=34 31 89 21 180 77 24 28
leaf_count=34 31 89 21 180 77 24 28
internal_value=-0.000848971 0.0417119 -0.00728121 0.0564793 0.0369968 0.00944894 0.0148152
internal_weight=484 450 104 346 166 83 59
internal_count=484 450 104 346 166 83 59
is_linear=0
shrinkage=0.0798702


Tree=4
num_leaves=8
num_cat=0
split_feature=71 104 79 29 46 32 46
split_gain=1425.72 44.7481 15.1236 12.6419 2.18006 0.881035 0.368899
threshold=0.68493477539407477 97.500000000000014 0.50492354369037562 178.50000000000003 9.7830717947308941 10033.640000000001 9.2694032927420515
decision_type=2 2 2 2 2 2 2
left_child=-1 2 5 4 -3 -2 -7
right_child=1 3 -4 -5 -6 6 -8
leaf_value=-0.4659548673682895 -0.0016414640099566124 0.0251030621622657 -0.060605884807726822 0.073142589922932669 0.046193276142700253 0.0032026361340667412 0.01976743178371862
leaf_weight=34 26 89 21 126 131 25 32
leaf_count=34 26 89 21 126 131 25 32
internal_value=-0.00106755 0.0384852 -0.0068095 0.0521498 0.0386011 0.00879505 0.014125
internal_weight=484 450 104 346 220 83 57
internal_count=484 450 104 346 220 83 57
is_linear=0
shrinkage=0.0798702


Tree=5
num_leaves=9
num_cat=0
split_feature=71 27 31 75 28 102 40 49
split_gain=1231.65 38.7937 19.7702 4.19421 2.06752 0.718366 0.196812 0.0340887
threshold=0.68493477539407477 9.8669827928176961 8.5414056980092976 10.483346514489531 63.500000000000007 174.66734250703098 186.34860571307215 107.50000000000001
decision_type=2 2 2 2 2 2 2 2
left_child=-1 2 -2 7 -4 6 -6 -3
right_child=1 3 4 -5 5 -7 -8 -9
leaf_value=-0.43333504370017123 -0.057113998595369413 0.020201921655431818 -0.0002913238384349827 0.068345924162745472 0.026107348882635405 0.0046234181962742059 0.0088033398871802341 0.044343314466313809
leaf_weight=34 21 21 29 123 100 24 21 111
leaf_count=34 21 21 29 123 100 24 21 111
internal_value=-0.00124014 0.0355175 0.00807401 0.0557749 0.0175414 0.0213379 0.0239523 0.0417111
internal_weight=484 450 195 255 174 145 121 132
internal_count=484 450 195 255 174 145 121 132
is_linear=0
shrinkage=0.0798702


Tree=6
num_leaves=8
num_cat=0
split_feature=71 43 104 74 27 53 65
split_gain=1064.14 33.956 15.8381 4.89623 1.81045 0.510082 0.164125
threshold=0.68493477539407477 109.50000000000001 41.500000000000007 10.055724905664654 9.190737457223042 47.000000000000007 189.47214858670745
decision_type=2 2 2 2 2 2 2
left_child=-1 2 -2 -3 -4 -6 -7
right_child=1 3 4 -5 5 6 -8
leaf_value=-0.40299885438319105 -0.054991896497657046 0.038035889325326824 -0.0034315927449076757 0.064135172318316752 0.0028801053734911863 0.022485246055852195 0.0068677104914290138
leaf_weight=34 20 168 26 113 22 80 21
leaf_count=34 20 168 26 113 22 80 21
internal_value=-0.0013575 0.0328039 0.00398109 0.0496059 0.0136893 0.0176936 0.0201699
internal_weight=484 450 169 281 149 123 101
internal_count=484 450 169 281 149 123 101
is_linear=0
shrinkage=0.0798702


Tree=7
num_leaves=9
num_cat=0
split_feature=71 44 106 31 44 81 106 94
split_gain=919.265 29.5694 11.0973 7.09798 1.14038 0.302424 0.232747 0.11419
threshold=0.68493477539407477 66.500000000000014 3303.8350000000005 8.5414056980092976 110.50000000000001 9.6876087822363015 1778.3100000000002 10.081066270891439
decision_type=2 2 2 2 2 2 2 2
left_child=-1 3 4 -2 6 -5 -3 -4
right_child=1 2 7 5 -6 -7 -8 -9
leaf_value=-0.37478637207422 -0.052591102340754731 0.0061240130103160208 0.037074401927685588 0.0071320392495956494 0.031167668400771266 -0.0048177233931094724 0.019161008694732778 0.058643805373300502
leaf_weight=34 20 32 56 20 106 24 68 124
leaf_count=34 20 32 56 20 106 24 68 124
internal_value=-0.0014805 0.0302654 0.0385889 -0.0183988 0.0245428 0 0.0159382 0.0533397
internal_weight=484 450 386 64 206 44 100 180
internal_count=484 450 386 64 206 44 100 180
is_linear=0
shrinkage=0.0798702


Tree=8
num_leaves=10
num_cat=0
split_feature=71 43 106 27 43 106 60 29 46
split_gain=794.279 25.52 9.40362 6.2711 0.925808 0.178685 0.164422 0.0981147 0.0397315
threshold=0.68493477539407477 66.500000000000014 3303.8350000000005 8.8021927874969581 110.50000000000001 1778.3100000000002 156.0621318681319 192.50000000000003 9.8370046212059012
decision_type=2 2 2 2 2 2 2 2 2
left_child=-1 3 4 -2 5 -3 -5 -4 -6
right_child=1 2 7 6 8 -7 -8 -9 -10
leaf_value=-0.34854894677483061 -0.048382773425169716 0.0056985769219210381 0.036261591282863041 0.0056061685666458092 0.017152695288275163 0.017731335015744552 -0.0030076497904397599 0.055467072133165929 0.033041461264342917
leaf_weight=34 21 32 71 21 38 68 22 109 68
leaf_count=34 21 32 71 21 38 68 22 109 68
internal_value=-0.0015431 0.0279602 0.0356968 -0.0172089 0.022723 0.0147958 0.000290433 0.0492993 0.0287859
internal_weight=484 450 386 64 206 100 43 180 106
internal_count=484 450 386 64 206 100 43 180 106
is_linear=0
shrinkage=0.0798702


Tree=9
num_leaves=10
num_cat=0
split_feature=33 104 75 106 51 57 106 70 49
split_gain=688.093 18.533 6.49859 2.03745 0.838897 0.295458 0.161612 0.146507 0.112434
threshold=4.5000000000000009 135.50000000000003 9.1926801849910635 4366.7450000000008 9.0421258403233882 15457.680000000002 1513.1250000000002 138.07972598870057 109.50000000000001
decision_type=2 2 2 2 2 2 2 2 2
left_child=-1 2 -2 8 6 -6 -4 -7 -3
right_child=1 3 4 -5 5 7 -8 -9 -10
leaf_value=-0.31170849835530934 -0.02717852692000931 0.014348539478176341 -0.0012707825545009495 0.051602159626077539 0.021937161658963748 0.0011142951539678105 0.0068134270763164518 0.01276457783432151 0.03391195620702623
leaf_weight=37 24 22 21 105 61 21 20 45 128
leaf_count=37 24 22 21 105 61 21 20 45 128
internal_value=-0.00155814 0.0270363 0.0076799 0.0410072 0.0135652 0.0167524 0.00187822 0.0100921 0.0318994
internal_weight=484 447 192 255 168 127 41 66 150
internal_count=484 447 192 255 168 127 41 66 150
is_linear=0
shrinkage=0.0798702


Tree=10
num_leaves=11
num_cat=0
split_feature=71 43 75 50 46 101 79 79 97 75
split_gain=596.714 18.7055 6.98589 4.93132 1.23212 0.275487 0.159256 0.211529 0.159129 0.0306087
threshold=0.68493477539407477 66.500000000000014 10.434170354559972 127.47877780867633 9.7830717947308941 66.500000000000014 0.29398636821451279 0.32395575890613365 0.36476794424651976 10.15912333956112
decision_type=2 2 2 2 2 2 2 2 2 2
left_child=-1 3 4 -2 6 -5 9 -8 -6 -3
right_child=1 2 -4 5 8 -7 7 -9 -10 -11
leaf_value=-0.30232674183050295 -0.04226606931958185 0.019139540939861643 0.044995395994036354 -0.0036353014067326099 0.029527297262372725 0.0075622994866155575 0 0.010857786356610048 0.011088204351434774 0.0059335866607805538
leaf_weight=34 21 51 143 23 105 20 21 25 21 20
leaf_count=34 21 51 143 23 105 20 21 25 21 20
internal_value=-0.00154747 0.0240131 0.0306422 -0.0145895 0.0212867 0.000759919 0.0135198 0.00652534 0.0273561 0.0166912
internal_weight=484 450 386 64 243 43 117 46 126 71
internal_count=484 450 386 64 243 43 117 46 126 71
is_linear=0
shrinkage=0.0798702


Tree=11
num_leaves=8
num_cat=0
split_feature=72 29 27 22 22 5 85
split_gain=515.651 16.344 6.53722 3.05336 1.15732 0.621837 0.382872
threshold=51.920714285714297 63.500000000000007 9.9203017636242752 0.91511078773075516 -0.62587551141915865 2.5000000000000004 0.36860202350874943
decision_type=2 2 2 2 2 2 2
left_child=-1 3 5 -2 -4 -3 -7
right_child=1 2 4 -5 -6 6 -8
leaf_value=-0.28116195515474884 -3.142481139821064e-05 0.02253867978467709 0.018909138853705525 -0.039673456197844098 0.039213956620659816 0.011462824102731195 0
leaf_weight=34 30 44 47 20 196 89 24
leaf_count=34 30 44 47 20 196 89 24
internal_value=-0.00155315 0.0222017 0.0276242 -0.0188856 0.0359305 0.013775 0.00915908
internal_weight=484 450 400 50 243 157 113
internal_count=484 450 400 50 243 157 113
is_linear=0
shrinkage=0.0798702


Tree=12
num_leaves=9
num_cat=0
split_feature=34 44 75 106 106 64 70 46
split_gain=445.918 11.771 3.77878 2.0151 0.592086 0.215603 0.202985 0.0237345
threshold=4.5000000000000009 109.50000000000001 9.1926801849910635 4790.4750000000013 1513.1250000000002 87.500000000000014 135.15743333333336 9.3653664172856299
decision_type=2 2 2 2 2 2 2 2
left_child=-1 2 -2 5 -4 -3 7 -6
right_child=1 3 4 -5 6 -7 -8 -9
leaf_value=-0.25128080159347244 -0.022079232710502428 0.013121275961860173 0 0.043678639563987515 0.0002231717050528527 0.027244304887982001 0.015941745289217255 0.0074928398213493915
leaf_weight=37 24 38 34 80 21 163 59 28
leaf_count=37 24 38 34 80 21 163 59 28
internal_value=-0.00159116 0.021411 0.00401994 0.0312698 0.00934918 0.0251855 0.0121344 0.00560656
internal_weight=484 447 166 281 142 201 108 49
internal_count=484 447 166 281 142 201 108 49
is_linear=0
shrinkage=0.0798702


Tree=13
num_leaves=11
num_cat=0
split_feature=75 44 75 50 46 24 28 79 79 75
split_gain=387.305 11.9596 4.38313 3.39057 1.04388 0.400621 0.146972 0.103179 0.182866 0.130107
threshold=4.7945434277585237 66.500000000000014 10.483346514489531 127.47877780867633 9.7830717947308941 0.92273549546025413 66.500000000000014 0.29398636821451279 0.32395575890613365 10.15912333956112
decision_type=2 2 2 2 2 2 2 2 2 2
left_child=-1 3 4 -2 7 -6 -5 9 -9 -3
right_child=1 2 -4 6 5 -7 -8 8 -10 -11
leaf_value=-0.24388757975372807 -0.034714243331125133 0.015611226068251011 0.03716748530859617 -0.0020626197249266468 0.024469533318818321 0.0060193229013930033 0.0058519260332207 0 0.0086945423449563269 0.0030320168057172752
leaf_weight=34 21 51 123 23 125 20 20 21 25 21
leaf_count=34 21 51 123 23 125 20 20 21 25 21
internal_value=-0.00155219 0.0190235 0.0243337 -0.0117392 0.0175869 0.0225332 0.000787217 0.0104586 0.00462293 0.0130131
internal_weight=484 450 386 64 263 145 43 118 46 72
internal_count=484 450 386 64 263 145 43 118 46 72
is_linear=0
shrinkage=0.0798702


Tree=14
num_leaves=9
num_cat=0
split_feature=71 75 43 69 23 5 69 21
split_gain=334.697 10.4962 5.43119 0.608688 0.548736 0.296267 0.357035 0.0696234
threshold=0.68493477539407477 9.1926801849910635 134.00000000000003 85.500000000000014 0.94135275643221272 5.5000000000000009 74.500000000000014 0.96234642434711437
decision_type=2 2 2 2 2 2 2 2
left_child=-1 -2 4 -4 5 7 -7 -3
right_child=1 2 3 -5 -6 6 -8 -9
leaf_value=-0.22681389550578659 -0.02666921931852248 0.016878023389235632 0.011392230280894526 0.031689597389854281 0 0 0.01125466148508417 0.004961255830383573
leaf_weight=34 27 90 26 189 22 36 38 22
leaf_count=34 27 90 26 189 22 36 38 22
internal_value=-0.00153197 0.017589 0.0207982 0.0297649 0.0108326 0.0122158 0.00631545 0.015266
internal_weight=484 450 423 215 208 186 74 112
internal_count=484 450 423 215 208 186 74 112
is_linear=0
shrinkage=0.0798702


Tree=15
num_leaves=10
num_cat=0
split_feature=101 104 22 104 97 45 40 5 21
split_gain=289.22 7.95022 3.63827 0.992509 0.624294 0.375593 0.202109 0.0747049 0.00585171
threshold=4.5000000000000009 135.50000000000003 0.92843842216862604 225.50000000000003 4.1525415177017946 138.03188095238099 195.24690611664298 2.5000000000000004 0.96234642434711437
decision_type=2 2 2 2 2 2 2 2 2
left_child=-1 2 4 7 5 -2 8 -3 -7
right_child=1 3 -4 -5 -6 6 -8 -9 -10
leaf_value=-0.2052947254149336 0 0.026523645779127192 -0.023024365843920726 0.033516680162611077 -0.0012790148978547508 0.015261121517291736 0.0014952558216379242 0.015515050980650659 0.0046558325222448406
leaf_weight=36 25 45 22 101 26 78 21 109 21
leaf_count=36 25 45 22 101 26 78 21 109 21
internal_value=-0.00151721 0.0167459 0.00404536 0.0259136 0.00834572 0.0103919 0.0121995 0.0197507 0.0138132
internal_weight=484 448 193 255 171 145 120 154 99
internal_count=484 448 193 255 171 145 120 154 99
is_linear=0
shrinkage=0.0798702


Tree=16
num_leaves=12
num_cat=0
split_feature=108 41 27 75 7 91 79 7 79 27 68
split_gain=255.047 11.4491 4.27542 0.720795 0.494942 0.580986 0.157555 0.156734 0.118575 0.0605637 0.0136786
threshold=120.50000000000001 8.1282086799997639 9.9203017636242752 10.698152882423974 1.0000000180025095e-35 0.35670579795381047 0.29398636821451279 1.0000000180025095e-35 0.32395575890613365 9.2722513524718959 88.500000000000014
decision_type=2 2 2 2 2 2 2 2 2 2 2
left_child=-1 -2 4 7 6 10 -3 -4 -8 -10 -6
right_child=1 2 3 -5 5 -7 8 -9 9 -11 -12
leaf_value=-0.20687592100048788 -0.037090459859793083 0.014794842046382985 0.021849048848788195 0.03388226156662643 0.0015649413227640382 -0.0064287294789167216 0 0.0094611670166708118 0.0011162440379576411 0.011533654266611489 0.010038172278884639
leaf_weight=31 21 57 142 66 22 26 22 35 20 21 21
leaf_count=31 21 57 142 66 22 26 22 35 20 21 21
internal_value=-0.00146149 0.0145038 0.0175059 0.024547 0.00781152 0.0013941 0.0109046 0.0199891 0.00584868 0.00819517 0.00734341
internal_weight=484 453 432 243 189 69 120 177 63 41 43
internal_count=484 453 432 243 189 69 120 177 63 41 43
is_linear=0
shrinkage=0.0798702


Tree=17
num_leaves=11
num_cat=0
split_feature=27 66 106 24 5 27 73 55 5 24
split_gain=218.303 5.63662 1.58986 1.4412 0.428415 0.395686 0.182249 0.156928 0.0857782 0.0114251
threshold=6.7973945644710652 9.0421258403233882 4790.4750000000013 0.67485701100832973 4.5000000000000009 9.6407170355235809 0.32628973473360895 162.49204153846156 1.5000000000000002 0.8500094512057853
decision_type=2 2 2 2 2 2 2 2 2 2
left_child=-1 3 5 4 6 9 -2 -6 -7 -3
right_child=1 2 -4 -5 7 8 -8 -9 -10 -11
leaf_value=-0.17613458884462113 0.011979859288346165 0.0078628924619772774 0.030813973137865686 -0.017233253117408791 -0.0057880654643376016 0.02606131870912215 0 0.0021962929639133947 0.015014472574689488 0.0004802324923592966
leaf_weight=37 35 22 80 20 21 32 21 27 169 20
leaf_count=37 35 22 80 20 21 32 21 27 169 20
internal_value=-0.00140656 0.0146597 0.020147 0 0.00410287 0.0159051 0.00864953 -0.000555525 0.0175825 0.00582781
internal_weight=484 447 323 124 104 243 56 48 201 42
internal_count=484 447 323 124 104 243 56 48 201 42
is_linear=0
shrinkage=0.0798702


Tree=18
num_leaves=11
num_cat=0
split_feature=108 42 43 27 60 68 104 5 56 55
split_gain=193.76 8.06727 3.16228 0.518755 0.608597 0.424159 0.161167 0.139005 0.119912 0.0474197
threshold=120.50000000000001 3401.5850000000005 134.00000000000003 9.6959773870177965 152.77177237851666 79.500000000000014 316.50000000000006 5.5000000000000009 9.5143306640740306 173.76166866632991
decision_type=2 2 2 2 2 2 2 2 2 2
left_child=-1 -2 3 4 -3 -4 7 -7 -6 -5
right_child=1 2 5 9 8 6 -8 -9 -10 -11
leaf_value=-0.1803794354645791 -0.030640410625864013 0.0092026272759377446 0.0056961129139439046 0.013700735809303428 0.0010615500121493079 0.02223651558467982 0.036070187700771993 0.0094131117122522555 -0.0047267941943391224 0.0037386506626490923
leaf_weight=31 21 55 21 75 29 139 23 32 34 24
leaf_count=31 21 55 21 75 29 139 23 32 34 24
internal_value=-0.00132723 0.0125757 0.0151042 0.00768217 0.00327994 0.0220365 0.0233733 0.0204439 -0.00143611 0.0120527
internal_weight=484 453 432 217 118 215 194 171 63 99
internal_count=484 453 432 217 118 215 194 171 63 99
is_linear=0
shrinkage=0.0798702


Tree=19
num_leaves=11
num_cat=0
split_feature=108 79 108 6 5 40 31 5 74 72
split_gain=167.814 7.03664 2.73277 0.812 0.618751 0.327468 0.274654 0.213368 0.181312 0.0286854
threshold=120.50000000000001 0.59389856031701682 357.50000000000006 345.50000000000006 5.5000000000000009 195.24690611664298 9.5916274190594777 5.5000000000000009 9.2137964118273299 14840.239285714288
decision_type=2 2 2 2 2 2 2 2 2 2
left_child=-1 2 4 7 5 8 -6 -4 9 -2
right_child=1 -3 3 -5 6 -7 -8 -9 -10 -11
leaf_value=-0.16790085475110164 0.0068972867745903492 -0.028647731794199736 0.024677750694611363 0.0016882373242317714 -0.0059723848361793097 0 0.0042166328387451928 0.013002426299546555 0.014323511474031504 0
leaf_weight=31 39 21 141 20 23 21 38 55 75 20
leaf_count=31 39 21 141 20 23 21 38 55 75 20
internal_value=-0.0012618 0.0116699 0.0140373 0.0204597 0.00708322 0.00969677 0 0.0220396 0.0111043 0.0054579
internal_weight=484 453 432 216 216 155 61 196 134 59
internal_count=484 453 432 216 216 155 61 196 134 59
is_linear=0
shrinkage=0.0798702


Tree=20
num_leaves=12
num_cat=0
split_feature=108 79 75 79 12 22 22 66 48 27 12
split_gain=145.29 6.12886 2.35355 0.62361 0.296298 0.263598 0.203111 0.104206 0.075761 0.0485887 1.02582e-06
threshold=120.50000000000001 0.59389856031701682 10.434170354559972 0.2899418203437451 1.0000000180025095e-35 -0.90892157495189674 0.55478649335567887 8.4490631640595257 72.500000000000014 10.657340492213072 -0.60785761079279388
decision_type=2 2 2 2 2 2 2 2 2 2 2
left_child=-1 2 3 5 6 -2 8 -6 -5 -4 -7
right_child=1 -3 9 4 7 10 -8 -9 -10 -11 -12
leaf_value=-0.15628555327556501 0.0021105850838617282 -0.02678464523891905 0.017565799065222563 0 0.001600715702625541 0.0065636310433051445 -0.0055820284126145937 0.01236554093099148 0.0051229460834368596 0.030562007553809209 0.014823652670084458
leaf_weight=31 30 21 113 22 27 38 23 20 30 30 99
leaf_count=31 30 21 113 22 27 38 23 20 30 30 99
internal_value=-0.00122717 0.0107988 0.0130143 0.00834574 0.00322315 0.0116019 0 0.00786951 0.00275092 0.0215338 0.0131853
internal_weight=484 453 432 289 122 167 75 47 52 143 137
internal_count=484 453 432 289 122 167 75 47 52 143 137
is_linear=0
shrinkage=0.0798702


Tree=21
num_leaves=10
num_cat=0
split_feature=75 27 50 75 101 5 5 85 67
split_gain=124.598 2.6852 0.763686 0.483781 0.397725 0.205573 0.129082 0.127954 0.0266035
threshold=7.3194170753107164 9.9203017636242752 126.76750107250109 10.698152882423974 61.500000000000007 2.5000000000000004 4.5000000000000009 0.37208248609766831 14016.330000000002
decision_type=2 2 2 2 2 2 2 2 2
left_child=-1 2 -2 6 -4 -6 -3 -7 -8
right_child=1 3 4 -5 5 7 8 -9 -10
leaf_value=-0.1298515099174995 -0.008030767309879323 0.015798982852042363 -0.0012756333862629665 0.024269475200186828 0.01257608441205715 0.0057987448643372526 0.001132977791938398 0 0.0092308655361620293
leaf_weight=39 22 112 28 66 46 85 21 21 44
leaf_count=39 22 112 28 66 46 85 21 21 44
internal_value=-0.00116027 0.0112697 0.00399281 0.0169224 0.00590373 0.00754454 0.0133397 0.00445919 0.00759027
internal_weight=484 445 202 243 180 152 177 106 65
internal_count=484 445 202 243 180 152 177 106 65
is_linear=0
shrinkage=0.0798702


Tree=22
num_leaves=12
num_cat=0
split_feature=106 68 73 75 5 87 61 22 12 57 40
split_gain=108.08 2.53359 0.805698 0.562418 0.436688 0.238084 0.12107 0.112639 0.131755 0.0996105 0.0591967
threshold=100.38500000000001 79.500000000000014 0.41158158255640775 10.698152882423974 5.5000000000000009 10.867079798100773 9.3841760241277985 -0.8192529173614248 -0.60785761079279388 17784.370000000003 189.01701113995247
decision_type=2 2 2 2 2 2 2 2 2 2 2
left_child=-1 2 4 5 9 7 -6 -3 -9 10 -2
right_child=1 3 -4 -5 6 -7 -8 8 -10 -11 -12
leaf_value=-0.12406305334498782 0.0096535686120389312 0.005082308741809996 -0.010208868134526561 0.022758599177018255 -0.0056908674815545849 0.0011905955835304868 0.0011915991539323356 0.006155332534324604 0.016386294220435301 0 0.00079020615704397537
leaf_weight=37 73 36 21 65 20 23 23 37 106 23 20
leaf_count=37 73 36 21 65 20 23 23 37 106 23 20
internal_value=-0.00109425 0.010181 0.00242227 0.0150923 0.00464639 0.0119129 -0.00121018 0.0129509 0.0143636 0.00719427 0.00839218
internal_weight=484 447 180 267 159 202 43 179 143 116 93
internal_count=484 447 180 267 159 202 43 179 143 116 93
is_linear=0
shrinkage=0.0798702


Tree=23
num_leaves=11
num_cat=0
split_feature=72 51 25 43 7 27 57 70 107 107
split_gain=93.7591 2.79913 1.32226 1.09633 0.258357 0.200102 0.527947 0.245413 0.147042 0.0633228
threshold=51.920714285714297 8.960773135407182 0.72620980401264112 157.50000000000003 1.0000000180025095e-35 9.6959773870177965 13708.830000000002 131.3465063260341 18.174275500000004 19.202476500000007
decision_type=2 2 2 2 2 2 2 2 2 2
left_child=-1 2 -2 5 -5 6 -3 -7 -9 -8
right_child=1 3 -4 4 -6 7 9 8 -10 -11
leaf_value=-0.1202857519023191 -0.01741854649874839 0.0098366383600076782 0.0040301131535275562 0.019203678118620095 0.0055833980820892545 7.5305239235633241e-05 0 0.0015132291241807233 0.012368734795238451 -0.0041912109483610129
leaf_weight=34 29 40 31 120 27 25 25 22 107 24
leaf_count=34 29 40 31 120 27 25 25 22 107 24
internal_value=-0.0010099 0.00906395 -0.00608442 0.011567 0.0172874 0.00763687 0.00337415 0.00960858 0.0110126 -0.00137563
internal_weight=484 450 60 390 147 243 89 154 129 49
internal_count=484 450 60 390 147 243 89 154 129 49
is_linear=0
shrinkage=0.0798702


Tree=24
num_leaves=13
num_cat=0
split_feature=108 41 108 6 5 40 21 40 74 55 73 5
split_gain=85.0208 2.90851 1.26135 0.568699 0.348271 0.20856 0.1985 0.160807 0.0854778 0.0541944 0.0472121 0.0275086
threshold=120.50000000000001 8.1282086799997639 357.50000000000006 340.50000000000006 5.5000000000000009 195.24690611664298 -0.89015004145349408 149.08895742164404 9.2137964118273299 166.45917124542129 0.28131394607039978 5.5000000000000009
decision_type=2 2 2 2 2 2 2 2 2 2 2 2
left_child=-1 -2 4 6 5 8 -4 -6 9 -3 -9 -8
right_child=1 2 3 -5 7 -7 11 10 -10 -11 -12 -13
leaf_value=-0.11958678083501684 -0.017461093646502321 0.0056295336765435459 0.0082376782357360036 0.00048602037860935642 0.0049851094571458218 0 0.020093307549572888 -0.0052502724218969569 0.010373114914484543 0 0 0.0095120613958334585
leaf_weight=31 21 33 55 25 20 21 98 21 75 26 20 38
leaf_count=31 21 33 55 25 20 21 98 21 75 26 20 38
internal_value=-0.000950543 0.00822502 0.00976623 0.0141756 0.00491794 0.00687917 0.0156556 0 0.00800434 0.00365446 -0.00299138 0.0179171
internal_weight=484 453 432 216 216 155 191 61 134 59 41 136
internal_count=484 453 432 216 216 155 191 61 134 59 41 136
is_linear=0
shrinkage=0.0798702


Tree=25
num_leaves=12
num_cat=0
split_feature=108 41 43 91 5 5 70 45 23 23 24
split_gain=73.6394 2.54037 1.08889 0.254507 0.285322 0.208887 0.176151 0.173075 0.0976662 0.153266 0.0652488
threshold=120.50000000000001 8.1282086799997639 157.50000000000003 0.35401447218001092 5.5000000000000009 5.5000000000000009 133.67726782626389 136.22728199102758 0.8861820138288804 0.14250626876356556 0.62252290335232308
decision_type=2 2 2 2 2 2 2 2 2 2 2
left_child=-1 -2 3 6 8 -4 -3 -8 9 -5 -9
right_child=1 2 5 4 -6 -7 7 10 -10 -11 -12
leaf_value=-0.11131382662189322 -0.016325522052342178 0 0.016544927128222291 0 -0.003507330095968274 0.0044896352820019744 0 0.011129578932885154 0 0.009846328316245441 0.0030573352868057038
leaf_weight=31 21 27 120 20 31 28 24 101 20 29 32
leaf_count=31 21 27 120 20 31 28 24 101 20 29 32
internal_value=-0.000897463 0.0076349 0.00908069 0.00572814 0.0016789 0.0148046 0.00756484 0.00858617 0.00476473 0.00653655 0.00972502
internal_weight=484 453 432 284 100 148 184 157 69 49 133
internal_count=484 453 432 284 100 148 184 157 69 49 133
is_linear=0
shrinkage=0.0798702


Tree=26
num_leaves=12
num_cat=0
split_feature=75 66 104 5 5 55 63 73 6 22 21
split_gain=61.1575 1.31174 0.630976 0.340584 0.321607 0.278984 0.263918 0.190334 0.182731 0.0801645 0.00223395
threshold=7.3194170753107164 9.0421258403233882 316.50000000000006 2.5000000000000004 5.5000000000000009 145.6814481668774 124.50000000000001 0.31759548559491479 336.50000000000006 -0.90892157495189674 0.84313847884979054
decision_type=2 2 2 2 2 2 2 2 2 2 2
left_child=-1 4 3 6 7 -6 -3 10 9 -5 -2
right_child=1 2 -4 8 5 -7 -8 -9 -10 -11 -12
leaf_value=-0.091038683755871749 0.0011422946585893476 0.00568545819497231 0.023717075405553373 0.001124759546710761 -0.010609221656348432 4.8913337862741782e-06 0.018400402922230361 0 0 0.0080616482979088914 0.0085446803687270912
leaf_weight=39 21 39 23 32 20 20 47 35 20 162 26
leaf_count=39 21 39 23 32 20 20 47 35 20 162 26
internal_value=-0.000851101 0.00782697 0.0104668 0.00892962 0.000311237 -0.00475006 0.0137907 0.00348367 0.00648779 0.00722427 0.00661676
internal_weight=484 445 323 300 122 40 86 82 214 194 47
internal_count=484 445 323 300 122 40 86 82 214 194 47
is_linear=0
shrinkage=0.0798702


Tree=27
num_leaves=13
num_cat=0
split_feature=108 27 75 50 4 106 5 5 5 61 51 66
split_gain=56.2946 1.79321 0.72277 0.566536 0.239166 0.123624 0.115107 0.103727 0.0830686 0.0749516 0.0538794 0.0474788
threshold=120.50000000000001 9.190737457223042 10.483346514489531 138.42829959514174 20.500000000000004 6351.255000000001 2.5000000000000004 4.5000000000000009 5.5000000000000009 9.6619796677554088 9.6604118303999602 9.2168813266821044
decision_type=2 2 2 2 2 2 2 2 2 2 2 2
left_child=-1 3 4 -2 7 8 -6 9 -4 -3 -8 -9
right_child=1 2 5 -5 6 -7 10 11 -10 -11 -12 -13
leaf_value=-0.097315170600066364 -0.014400511579676225 0.0052553335352727854 0.012888260149325181 0 0.0058730001668462787 0.02276891931829449 0.0019771174961886041 0 0.0038025751654596472 0.013307446633737473 -0.002179478462778192 0.0053394855716250422
leaf_weight=31 23 58 69 31 25 21 36 31 33 46 34 46
leaf_count=31 23 58 69 31 25 21 36 31 33 46 34 46
internal_value=-0.000762468 0.00668461 0.00858298 -0.00604594 0.00581707 0.0139464 0.00171424 0.00760094 0.0107206 0.0097068 0 0.00374182
internal_weight=484 453 399 54 276 123 95 181 102 104 70 77
internal_count=484 453 399 54 276 123 95 181 102 104 70 77
is_linear=0
shrinkage=0.0798702


Tree=28
num_leaves=14
num_cat=0
split_feature=108 68 79 79 5 63 23 56 22 28 5 27 107
split_gain=48.8075 1.62742 1.34256 0.510504 0.470325 0.322404 0.173181 0.154131 0.128598 0.128122 0.118332 0.0754946 0.011624
threshold=120.50000000000001 42.500000000000007 0.55460210129530751 0.4285295882631408 5.5000000000000009 92.500000000000014 0.93544191479114935 9.5143306640740306 -0.8611288361322974 72.500000000000014 6.5000000000000009 9.7617390057385105 19.562567500000004
decision_type=2 2 2 2 2 2 2 2 2 2 2 2 2
left_child=-1 2 6 4 5 8 7 9 -3 -2 12 -12 -6
right_child=1 3 -4 -5 10 -7 -8 -9 -10 -11 11 -13 -14
leaf_value=-0.090582949642231764 0.010601062381657303 -0.00022873036225515978 -0.018343356814724102 0.01960880419047166 0 0.011526033115603301 -0.0025201876520285064 0 0.005656258536684943 0.00018112698096893682 0 0.0073651428264414507 -0.0017457479198845472
leaf_weight=31 24 21 20 30 22 162 21 26 37 25 21 23 21
leaf_count=31 24 21 20 30 22 162 21 26 37 25 21 23 21
internal_value=-0.000672825 0.00625399 -0.00150051 0.00905348 0.0075758 0.00957742 0.00221613 0.00424226 0.00287224 0.00670631 0.00173242 0.0045855 -0.000305071
internal_weight=484 453 116 337 307 220 96 75 58 49 87 44 43
internal_count=484 453 116 337 307 220 96 75 58 49 87 44 43
is_linear=0
shrinkage=0.0798702


Tree=29
num_leaves=16
num_cat=0
split_feature=108 68 79 106 12 26 73 23 57 73 28 107 107 107 23
split_gain=42.2643 1.40832 1.1743 0.472472 0.41379 0.57637 0.512513 0.154294 0.138559 0.138049 0.105051 0.0926649 0.0638244 0.0084443 0.00543348
threshold=120.50000000000001 42.500000000000007 0.55460210129530751 6351.255000000001 -0.60785761079279388 0.96849880583763492 0.25541209258787462 0.93544191479114935 13551.690000000002 0.13263054632843188 72.500000000000014 19.547203000000003 18.575717500000003 20.756675500000004 0.21022171450811275
decision_type=2 2 2 2 2 2 2 2 2 2 2 2 2 2 2
left_child=-1 2 7 4 11 6 9 8 10 -6 -2 14 -8 -13 -3
right_child=1 3 -4 -5 5 -7 12 -9 -10 -11 -12 13 -14 -15 -16
leaf_value=-0.084316460992142767 0.0098952406430800229 0.0052578254228840896 -0.017161385478263465 0.020374674477152244 0.022556534238483035 -0.0011757592417372066 0 -0.0023562887143273358 0 0.010489947802183987 0.00016898659279308592 -0.0014821382544756517 0.0049158093648932087 0 0
leaf_weight=31 24 28 20 21 20 22 21 21 26 114 25 20 49 20 22
leaf_count=31 24 28 20 21 20 22 21 21 26 114 25 20 49 20 22
internal_value=-0.000644032 0.00579481 -0.00139416 0.00840088 0.0071565 0.00902255 0.0103642 0.00205287 0.00398304 0.0133685 0.00632181 0.00172262 0.00345486 -0.000114775 0.00398898
internal_weight=484 453 116 337 316 226 204 96 75 134 49 90 70 40 50
internal_count=484 453 116 337 316 226 204 96 75 134 49 90 70 40 50
is_linear=0
shrinkage=0.0798702


Tree=30
num_leaves=12
num_cat=0
split_feature=108 28 26 106 5 63 59 65 73 22 83
split_gain=36.6257 1.2525 0.522117 0.515047 0.399677 0.208014 0.140956 0.107843 0.0792916 0.0589176 0.0617614
threshold=120.50000000000001 61.500000000000007 0.60383265664488472 6351.255000000001 2.5000000000000004 124.50000000000001 66.500000000000014 135.15743333333336 0.25541209258787462 -0.90892157495189674 10.51971441873234
decision_type=2 2 2 2 2 2 2 2 2 2 2
left_child=-1 2 -2 4 5 8 -6 -8 -3 -9 -11
right_child=1 3 -4 -5 6 -7 7 9 -10 10 -12
leaf_value=-0.078483484227545572 0 0.0077998605574342798 -0.014378124414311797 0.019049620409680439 0 0.014893694483651665 0 0 0 0.006277264262598308 0
leaf_weight=31 28 30 20 21 28 47 37 29 29 163 21
leaf_count=31 28 30 20 21 28 47 37 29 29 163 21
internal_value=-0.000585635 0.00540113 -0.00582994 0.00690715 0.00588762 0.010308 0.00387881 0.00449752 0.00502502 0.00517909 0.00573882
internal_weight=484 453 48 405 384 106 278 250 59 213 184
internal_count=484 453 48 405 384 106 278 250 59 213 184
is_linear=0
shrinkage=0.0798702


Tree=31
num_leaves=16
num_cat=0
split_feature=108 68 33 104 12 70 1 45 4 60 31 5 45 45 87
split_gain=31.7441 1.09608 0.952708 0.373617 0.319456 0.46372 0.458392 0.248912 0.22283 0.149179 0.0987318 0.0741196 0.0680725 0.0253452 0.00791023
threshold=120.50000000000001 42.500000000000007 32.500000000000007 316.50000000000006 -0.60785761079279388 185.73783520618295 1.5000000000000002 147.97388910587674 20.500000000000004 149.54573931034486 9.3343672926600885 5.5000000000000009 158.94171631205677 157.92955905612794 10.46451749030547
decision_type=2 2 2 2 2 2 2 2 2 2 2 2 2 2 2
left_child=-1 2 -2 4 11 6 7 -6 -8 -4 -11 13 -10 -3 -13
right_child=1 3 9 -5 5 -7 8 -9 12 10 -12 14 -14 -15 -16
leaf_value=-0.073054033821100817 -0.015483480680426034 0.0052908108730170423 0.0053397374180669489 0.017637518653739071 0.023443160616769876 0 0.0083882530988873306 0.0060468622073987606 0.0036351869286298621 -0.0045746540341495738 0.0015128389185136398 -0.0014267114542824168 -0.0010974643999867907 0 0
leaf_weight=31 20 24 40 23 22 30 96 25 27 21 35 20 24 20 26
leaf_count=31 20 24 40 23 22 30 96 25 27 21 35 20 24 20 26
internal_value=-0.000526269 0.00504004 -0.00126112 0.00734293 0.0061779 0.00783187 0.00924531 0.016573 0.00612307 0.00179961 -0.00012595 0.00134475 0.000606525 0.00363376 0
internal_weight=484 453 116 337 314 224 194 47 147 96 56 90 51 44 46
internal_count=484 453 116 337 314 224 194 47 147 96 56 90 51 44 46
is_linear=0
shrinkage=0.0798702


Tree=32
num_leaves=15
num_cat=0
split_feature=43 36 5 65 55 23 5 23 35 41 60 41 64 51
split_gain=26.6004 0.520061 0.367633 0.262628 0.183136 0.16223 0.181013 0.126236 0.0797027 0.0914845 0.0556026 0.0531821 0.04618 0.0116476
threshold=4.5000000000000009 10.1726586475763 5.5000000000000009 148.88270270270274 154.25003457772343 -0.75509343415210373 3.5000000000000004 -0.31901381043993227 186.34860571307215 10.136313477754813 164.3348114630468 9.523754014740593 94.000000000000014 9.9426487462677375
decision_type=2 2 2 2 2 2 2 2 2 2 2 2 2 2
left_child=-1 2 4 -4 8 -3 -7 12 9 -2 -9 -5 -6 -8
right_child=1 5 3 11 7 6 13 10 -10 -11 -12 -13 -14 -15
leaf_value=-0.057852338262424453 0.010450561006267015 0.01631718913728554 -0.0060563454036324238 0 -0.0030347229671716367 0.011745765059861741 0 0.005873485290468757 0.00012653769793470889 0.00060855880156833822 0 0.0047563992843205694 0.00086875819475929492 0.0040901363268322014
leaf_weight=42 59 28 36 20 26 39 21 41 21 20 26 22 21 62
leaf_count=42 59 28 36 20 26 39 21 41 21 20 26 22 21 62
internal_value=-0.000468136 0.0054343 0.00311868 -0.0010288 0.00484893 0.00938215 0.00683875 0.00189842 0.00749358 0.00873444 0.00413076 0.00238802 -0.000403653 0.0034469
internal_weight=484 442 292 78 214 150 122 114 100 79 67 42 47 83
internal_count=484 442 292 78 214 150 122 114 100 79 67 42 47 83
is_linear=0
shrinkage=0.0798702


Tree=33
num_leaves=13
num_cat=0
split_feature=108 97 50 66 79 6 52 65 35 5 45 5
split_gain=24.4164 0.77688 0.887305 0.677002 1.01352 0.224693 0.190197 0.120304 0.083914 0.0788017 0.198986 0.10503
threshold=120.50000000000001 1.9712560816443736 145.23340325557982 8.9929742353117952 0.4622659468109484 340.50000000000006 13006.965000000002 189.47214858670745 154.23490202411719 5.5000000000000009 147.97388910587674 6.5000000000000009
decision_type=2 2 2 2 2 2 2 2 2 2 2 2
left_child=-1 3 -3 6 5 7 -2 9 -4 10 -5 -11
right_child=1 2 8 4 -6 -7 -8 -9 -10 11 -12 -13
leaf_value=-0.063997992222378647 -0.0075308242971319017 -0.012328194002535636 0 0.012086214711993346 0.022768595245022116 0 0.0010347999285620307 0 0.0066423235031342689 0 0.0049394912360576793 0.0055627077951960558
leaf_weight=31 20 30 27 66 23 24 25 27 24 31 123 33
leaf_count=31 20 30 27 66 23 24 25 27 24 31 123 33
internal_value=-0.000376129 0.00449233 -0.00205481 0.00605897 0.0073505 0.00568652 -0.00212363 0.00633204 0.0036295 0.0068754 0.00793093 0.00269431
internal_weight=484 453 81 372 327 304 45 280 51 253 189 64
internal_count=484 453 81 372 327 304 45 280 51 253 189 64
is_linear=0
shrinkage=0.0798702


Tree=34
num_leaves=13
num_cat=0
split_feature=108 69 50 79 24 41 5 27 107 5 48 38
split_gain=21.1559 0.702922 0.888083 0.367175 0.259189 0.204647 0.174728 0.11308 0.101843 0.0952546 0.080729 0.0200724
threshold=120.50000000000001 42.500000000000007 121.11629261363639 0.4285295882631408 0.90893208180343155 9.5418855343124456 5.5000000000000009 9.1645483362731834 18.399715500000003 6.5000000000000009 130.50000000000003 136.50000000000003
decision_type=2 2 2 2 2 2 2 2 2 2 2 2
left_child=-1 2 -2 4 6 7 8 -4 11 -8 -10 -3
right_child=1 3 5 -5 -6 -7 9 -9 10 -11 -12 -13
leaf_value=-0.059570640390277325 -0.014260832551287728 0 0 0.014756201384442185 -0.00027113013098103539 -0.0020694540973303231 -0.00038230367632825031 0.0070533907889498981 0.0022443381983185511 0.0041898184303494901 0.0095546093273933558 0.0031076199866550656
leaf_weight=31 21 20 23 30 37 29 38 43 36 39 111 26
leaf_count=31 21 20 23 30 37 29 38 43 36 39 111 26
internal_value=-0.000342367 0.00418225 -0.000789068 0.00602718 0.00479979 0.0022282 0.00566973 0.00483696 0.00703205 0.00143031 0.00822193 0.00182577
internal_weight=484 453 116 337 307 95 270 66 193 77 147 46
internal_count=484 453 116 337 307 95 270 66 193 77 147 46
is_linear=0
shrinkage=0.0798702


Tree=35
num_leaves=14
num_cat=0
split_feature=105 75 7 4 31 40 88 45 52 104 36 52 25
split_gain=17.5626 0.371631 0.240494 0.168145 0.26436 0.166859 0.126741 0.0668208 0.0957099 0.0644412 0.0636038 0.0135177 0.00139615
threshold=1.0144230769230771 10.698152882423974 1.0000000180025095e-35 7.5000000000000009 9.5916274190594777 195.24690611664298 10.516329844571617 148.17815477680435 34722.775000000001 107.50000000000001 10.183197259363114 25303.180000000004 -0.061244963218070894
decision_type=2 2 2 2 2 2 2 2 2 2 2 2 2
left_child=-1 2 5 -4 -5 7 12 11 -9 -6 -11 -2 -3
right_child=1 6 3 4 9 -7 -8 8 -10 10 -12 -13 -14
leaf_value=-0.047530665481361645 0.0041483744813911091 0.017188006813711323 0.0052620644151174512 -0.0088896064856030816 0.0039650920338125065 0 0.00232101353162752 0.0041395710326310826 0 -0.0039294541911861127 0.00077772795833387924 0.01119812720967513 0.0047432995655957181
leaf_weight=41 54 20 24 20 20 31 26 134 22 22 22 28 20
leaf_count=41 54 20 24 20 20 31 26 134 22 22 22 28 20
internal_value=-0.000326157 0.00439247 0.00314665 0 -0.00176132 0.00440574 0.0101061 0.00512573 0.00331575 0.000201486 -0.000703146 0.00761843 0.0132577
internal_weight=484 443 377 108 84 269 66 238 156 64 44 82 40
internal_count=484 443 377 108 84 269 66 238 156 64 44 82 40
is_linear=0
shrinkage=0.0798702


Tree=36
num_leaves=12
num_cat=0
split_feature=108 24 73 31 104 5 5 40 24 58 65
split_gain=16.2369 0.64827 0.710299 0.46049 0.326702 0.27712 0.256123 0.177421 0.151191 0.080728 0.0545796
threshold=120.50000000000001 0.98802988639542 0.13263054632843188 9.2137964118273299 316.50000000000006 2.5000000000000004 3.5000000000000004 171.52497023809528 0.63920574196977176 66.500000000000014 161.10684767037318
decision_type=2 2 2 2 2 2 2 2 2 2 2
left_child=-1 2 -2 6 5 7 -4 -5 9 -7 -10
right_child=1 -3 3 4 -6 8 -8 -9 10 -11 -12
leaf_value=-0.052161419723128148 0.017101861748427778 -0.0083294462081049403 0.00091597847912679436 0.0099554485574816012 0.013608430109017791 0 -0.0084655011382679651 0 0 0.0036488351754971429 -0.0038800604521378344
leaf_weight=31 24 20 29 58 23 30 24 26 31 164 24
leaf_count=31 24 20 29 58 23 30 24 26 31 164 24
internal_value=-0.000260949 0.00368992 0.00444466 0.0033914 0.00447934 0.00351634 -0.0028144 0.00757244 0.00183339 0.00295198 -0.00119415
internal_weight=484 453 433 409 356 333 53 84 249 194 55
internal_count=484 453 433 409 356 333 53 84 249 194 55
is_linear=0
shrinkage=0.0798702


Tree=37
num_leaves=16
num_cat=0
split_feature=108 24 5 31 105 63 79 26 21 24 24 21 105 107 51
split_gain=14.0684 0.569844 0.477626 0.35152 0.332048 0.295732 0.167507 0.0950619 0.120927 0.0835062 0.0645195 0.042039 0.0624877 0.0123924 0.00135099
threshold=120.50000000000001 0.98802988639542 5.5000000000000009 9.4507587495282426 1.0877785680417262 92.500000000000014 0.29231223209731871 -0.074115882986646633 0.84313847884979054 0.07411673974326928 -0.28725831407847041 -0.70898476237405827 1.172531739184026 19.519293000000001 10.561657661993442
decision_type=2 2 2 2 2 2 2 2 2 2 2 2 2 2 2
left_child=-1 2 4 -4 -2 7 9 8 -6 13 -9 12 -7 -5 -13
right_child=1 -3 3 6 5 11 -8 10 -10 -11 -12 14 -14 -15 -16
leaf_value=-0.048552917851692683 0.013052323654042235 -0.0077927302602877084 -0.0084075302509254886 0.0034244739846508053 -0.0044450677885765934 0.0045228638885194319 0.0066358619872645911 0 0.0019184073937316287 -0.0029146659582137448 0.0052415270183730931 0.0088105447883501369 0 0 0.0018238033484499747
leaf_weight=31 39 20 21 20 33 33 29 23 22 33 31 84 20 22 23
leaf_count=31 39 20 21 20 33 33 29 23 22 33 31 84 20 22 23
internal_value=-0.000235775 0.00343468 0.00414737 0 0.00581512 0.00437274 0.00196342 0.000586578 -0.00111149 0 0.00311842 0.00655582 0.00254541 0.00212689 0.00789966
internal_weight=484 453 433 125 308 269 104 109 55 75 54 160 53 42 107
internal_count=484 453 433 125 308 269 104 109 55 75 54 160 53 42 107
is_linear=0
shrinkage=0.0798702


Tree=38
num_leaves=12
num_cat=0
split_feature=108 24 73 75 24 28 45 4 73 40 45
split_gain=12.1921 0.501658 0.624785 0.396961 0.275706 0.181491 0.11206 0.0888629 0.0769352 0.0765399 0.0698623
threshold=120.50000000000001 0.98802988639542 0.13263054632843188 10.738158624201779 0.86762559983340226 109.50000000000001 204.98748462929476 18.500000000000004 0.21147162730915839 138.8504700744927 138.22905938144334
decision_type=2 2 2 2 2 2 2 2 2 2 2
left_child=-1 2 -2 4 6 -6 7 9 -5 -4 -9
right_child=1 -3 3 8 5 -7 -8 10 -10 -11 -12
leaf_value=-0.0451940485014653 0.015722696935935313 -0.0072905980648580509 0 0.0024520093681034668 -0.0075290564424295089 0.00026994406922196143 -0.0012174863517206373 -0.0019601861721633362 0.012518671847063165 0.0052762430414367636 0.0020565293695647309
leaf_weight=31 24 20 30 27 26 21 23 22 29 131 100
leaf_count=31 24 20 30 27 26 21 23 22 29 131 100
internal_value=-0.000207265 0.00320252 0.00387617 0.00288589 0.0016572 -0.00337382 0.00263133 0.00313338 0.00906545 0.00445603 0.000890134
internal_weight=484 453 433 409 353 47 306 283 56 161 122
internal_count=484 453 433 409 353 47 306 283 56 161 122
is_linear=0
shrinkage=0.0798702


Tree=39
num_leaves=12
num_cat=0
split_feature=108 97 75 24 70 23 66 55 23 24 33
split_gain=10.5617 0.444466 0.674813 0.608791 0.395675 0.292555 0.301725 0.136783 0.119958 0.0764345 0.0632852
threshold=120.50000000000001 1.9712560816443736 9.1926801849910635 0.98448590438035632 129.33086728919076 -0.90163369914317015 10.054378171039675 145.20625820959455 0.95752911693909493 0.91423533665985768 134.00000000000003
decision_type=2 2 2 2 2 2 2 2 2 2 2
left_child=-1 3 -3 4 -2 -6 9 -4 -8 10 -7
right_child=1 2 7 -5 5 6 8 -9 -10 -11 -12
leaf_value=-0.042067545705938091 -0.0039209096285929886 -0.012744278467838668 -0.00083994272577648979 0.01657064055394674 0.010083119602750103 0.0029793963730678232 0.007836818074455484 0.0054234859846625056 0 -0.0030255397717494832 0
leaf_weight=31 35 22 26 21 46 72 71 33 20 22 85
leaf_count=31 35 22 26 21 46 72 71 33 20 22 85
internal_value=-0.000190172 0.00297634 -0.00189219 0.00418004 0.00308469 0.00406386 0.00269803 0.00202169 0.00637213 0.000440022 0.00131069
internal_weight=484 453 81 372 351 316 270 59 91 179 157
internal_count=484 453 81 372 351 316 270 59 91 179 157
is_linear=0
shrinkage=0.0798702


Tree=40
num_leaves=14
num_cat=0
split_feature=108 26 30 104 70 45 65 7 73 56 65 56 25
split_gain=9.14553 0.426792 0.531315 0.332796 0.234423 0.130417 0.15813 0.130326 0.128908 0.163104 0.109995 0.07819 0.0738543
threshold=120.50000000000001 0.97740615865730895 127.07577561327562 316.50000000000006 135.15743333333336 159.48118819188196 186.35531245056166 1.0000000180025095e-35 0.32628973473360895 9.5823299409346507 139.25332352227215 10.166887213793652 0.61915405168109305
decision_type=2 2 2 2 2 2 2 2 2 2 2 2 2
left_child=-1 2 -2 4 8 6 7 -6 9 -4 -7 -12 -10
right_child=1 -3 3 -5 5 10 -8 -9 12 -11 11 -13 -14
leaf_value=-0.039157329182049588 0.015050367208441155 -0.0058331142633393914 0.0044190729154020541 0.011396071113278899 0.007164759721662097 -0.0037236468718122922 0 0.00023037496983043277 -0.0071058813065030388 -0.0022663673229768046 0.0039213031450881413 0 0
leaf_weight=31 21 26 39 23 98 20 20 40 22 37 52 35 20
leaf_count=31 21 26 39 23 98 20 20 40 22 37 52 35 20
internal_value=-0.000182265 0.00275725 0.00345533 0.00256503 0.00177121 0.00311831 0.00459614 0.00558103 -0.000849441 0.000602437 0.000384235 0.00201976 -0.00434071
internal_weight=484 453 427 406 383 265 158 138 118 76 107 87 42
internal_count=484 453 427 406 383 265 158 138 118 76 107 87 42
is_linear=0
shrinkage=0.0798702


Tree=41
num_leaves=16
num_cat=0
split_feature=72 104 12 60 27 91 33 97 28 63 66 40 56 33 24
split_gain=7.93457 0.225767 0.258402 0.139591 0.145727 0.14768 0.0910289 0.0845284 0.0886722 0.0498839 0.126534 0.0487532 0.0413318 0.0491622 0.00437699
threshold=1853.5471428571432 316.50000000000006 0.6078576107927941 149.43319148936175 9.6959773870177965 0.35401447218001092 124.50000000000001 0.28541286702717289 223.00000000000003 124.50000000000001 9.583431369997756 166.91670006744388 10.331029473114407 146.50000000000003 -0.056952064366225512
decision_type=2 2 2 2 2 2 2 2 2 2 2 2 2 2 2
left_child=-1 2 3 7 5 -5 -6 -2 11 10 -4 -9 13 -8 -14
right_child=1 -3 9 4 6 -7 12 8 -10 -11 -12 -13 14 -15 -16
leaf_value=-0.031201450676339754 0 0.01064276737286539 0.0051757424857209718 0 0.0050542139665993606 -0.0072007345235525037 -0.0041203924963436542 0.0066398080568880078 0 0.008320843890618955 -0.0002901435656630428 0 0.0025981273281982416 0 0
leaf_weight=43 20 23 45 28 23 29 21 53 20 47 25 23 20 41 23
leaf_count=43 20 23 45 28 23 29 21 53 20 47 25 23 20 41 23
internal_value=-0.000179909 0.00303521 0.0023822 0.000905976 -0.000224431 -0.00362055 0.000986451 0.00306119 0.0040719 0.00558336 0.00265983 0.00526179 0 -0.0013639 0.00170802
internal_weight=484 441 418 301 185 57 128 116 96 117 70 76 105 62 43
internal_count=484 441 418 301 185 57 128 116 96 117 70 76 105 62 43
is_linear=0
shrinkage=0.0798702


Tree=42
num_leaves=16
num_cat=0
split_feature=34 106 7 45 91 23 55 34 23 23 63 62 23 34 51
split_gain=6.85747 0.21286 0.175724 0.159878 0.106958 0.100184 0.0992176 0.0778801 0.0716071 0.117741 0.0439046 0.0347526 0.0444099 0.0330714 0.0223861
threshold=13.500000000000002 6351.255000000001 1.0000000180025095e-35 147.97388910587674 0.35670579795381047 -0.2530974457044447 148.09979933791701 123.50000000000001 0.17646842360078763 0.90159200968320541 92.500000000000014 14872.290000000003 -0.63920832810365469 150.50000000000003 10.314614777856882
decision_type=2 2 2 2 2 2 2 2 2 2 2 2 2 2 2
left_child=5 2 3 10 7 -1 -6 -4 11 -10 -2 12 -5 -9 -13
right_child=1 -3 4 8 6 -7 -8 13 9 -11 -12 14 -14 -15 -16
leaf_value=-0.037511476154298617 0.0011547381707907413 0.010521317670207251 0.0047411221496085117 0 -0.0060310020273076715 -0.014578893605551549 0 -0.0020704973662072287 0.0047774689810105514 0 0.0076970372341190457 0.0025021600387579264 -0.0039007289106635411 0.0017017211855428044 0
leaf_weight=20 32 21 26 25 26 23 24 27 71 29 62 36 21 21 20
leaf_count=20 32 21 26 25 26 23 24 27 71 29 62 36 21 21 20
internal_value=-0.00013818 0.00284337 0.00222714 0.00327593 0 -0.0289852 -0.00298138 0.0015744 0.00158874 0.00305617 0.0061413 0 -0.00146575 0 0.00136083
internal_weight=484 441 420 296 124 43 50 74 202 100 94 102 46 48 56
internal_count=484 441 420 296 124 43 50 74 202 100 94 102 46 48 56
is_linear=0
shrinkage=0.0798702


Tree=43
num_leaves=16
num_cat=0
split_feature=108 70 27 30 27 60 70 58 61 31 33 74 66 30 60
split_gain=6.20816 0.325435 0.952708 0.781049 0.256453 0.195421 0.150723 0.152588 0.16875 0.0800435 0.0723916 0.033131 0.0651244 0.0195056 0.00789638
threshold=120.50000000000001 185.73783520618295 9.676677264016897 127.07577561327562 9.190737457223042 145.98689664773363 135.15743333333336 183.50000000000003 9.6073221588350126 10.379965132542136 218.50000000000003 9.0386102551029648 9.2168813266821044 158.00032931964736 154.25003457772343
decision_type=2 2 2 2 2 2 2 2 2 2 2 2 2 2 2
left_child=-1 3 -3 -2 -5 10 11 8 -8 -9 13 -7 -13 -6 -4
right_child=1 2 14 4 5 6 7 9 -10 -11 -12 12 -14 -15 -16
leaf_value=-0.032257855296933841 0.017257358780632608 -0.015471730836436921 0 -0.0034918626884852719 0.0027706313361022909 0 0 -0.004127884283906617 0.0061620910158413601 0.001338752596877286 0 -0.0056606654995283723 0 0.0093258581395902276 0.0048188711618970823
leaf_weight=31 20 20 24 35 41 20 35 21 80 35 20 20 21 40 21
leaf_count=31 20 20 24 35 41 20 35 21 80 35 20 20 21 40 21
internal_value=-0.000128904 0.00227482 -0.00240953 0.00320701 0.00209698 0.00287399 0.00126002 0.00257971 0.00422972 -5.0355e-05 0.00588252 -0.00159595 -0.00287665 0.0069321 0.00331913
internal_weight=484 453 65 388 368 333 232 171 115 56 101 61 41 81 45
internal_count=484 453 65 388 368 333 232 171 115 56 101 61 41 81 45
is_linear=0
shrinkage=0.0798702


Tree=44
num_leaves=18
num_cat=0
split_feature=33 75 97 12 55 4 30 60 61 50 4 107 105 85 65 23 33
split_gain=5.28467 0.187185 0.164522 0.154063 0.160021 0.159146 0.0885572 0.122903 0.0914609 0.0749463 0.0516808 0.0474986 0.0394063 0.0280744 0.0201324 0.0191353 0.000312871
threshold=13.500000000000002 10.848807869877053 2.5165399615123527 1.0000000180025095e-35 163.79273437500004 6.5000000000000009 161.92890173410407 149.54573931034486 9.6073221588350126 153.80014434145161 16.500000000000004 18.828954500000005 1.1147788618691499 0.33042481533850027 154.55370453813973 0.074116354202380427 123.50000000000001
decision_type=2 2 2 2 2 2 2 2 2 2 2 2 2 2 2 2 2
left_child=2 3 -1 5 12 16 10 -8 -9 -6 14 -11 -5 15 -7 -12 -2
right_child=1 -3 -4 4 9 6 7 8 -10 11 13 -13 -14 -15 -16 -17 -18
leaf_value=-0.011963681208815665 0.0062436817757095149 0.0084139541596385987 -0.033606899041668054 0.0083569411174933775 -0.0032909374903424397 0.0042869754134316615 0 -0.008909866261681226 0 0.004547301289792095 0.0022107737638075537 0 0.0027847294160782072 -0.002472635393370501 0 -0.00016869013225339266 0.00028975287050529973
leaf_weight=23 20 32 20 38 20 21 30 20 22 20 20 21 77 26 25 27 22
leaf_count=23 20 32 20 38 20 21 30 20 22 20 20 21 77 26 25 27 22
internal_value=-0.000102964 0.00250181 -0.0254389 0.00182605 0.00360572 0.000225373 -0.000556491 -0.0027965 -0.00543973 0 0.000449628 0.00213954 0.00530503 -0.000343104 0.00260835 0 0.00454529
internal_weight=484 441 43 409 176 233 191 72 42 61 119 41 115 73 46 47 42
internal_count=484 441 43 409 176 233 191 72 42 61 119 41 115 73 46 47 42
is_linear=0
shrinkage=0.0798702


Tree=45
num_leaves=15
num_cat=0
split_feature=34 76 106 7 65 55 46 46 55 105 107 106 61 65
split_gain=4.64893 0.449336 0.170296 0.132512 0.0762049 0.161751 0.0822758 0.0961471 0.0721887 0.11281 0.0978439 0.0538419 0.0356794 0.0356356
threshold=13.500000000000002 0.027959436307257092 6351.255000000001 1.0000000180025095e-35 147.17663266373719 144.56804432930343 9.9326211459223774 9.6015866650048078 163.79273437500004 1.1869538788845835 18.976741000000001 3124.0450000000005 9.6619796677554088 182.89978827225136
decision_type=2 2 2 2 2 2 2 2 2 2 2 2 2 2
left_child=1 -1 3 8 5 -5 7 -6 9 13 12 -12 -10 -2
right_child=2 -3 -4 4 6 -7 -8 -9 10 -11 11 -13 -14 -15
leaf_value=-0.0090340184658059264 0.005085930263921937 -0.032877289145937058 0.0092133039793157803 -0.006901141793073033 0 0.00053953464383901773 -0.0010692289368482047 0.0069290522779316072 0 0 -0.0036378672435787231 0 0.0050861017706997731 0
leaf_weight=22 134 21 21 25 28 21 30 20 29 34 29 25 25 20
leaf_count=22 134 21 21 25 28 21 30 20 29 34 29 25 25 20
internal_value=-8.62168e-05 -0.0238558 0.00235045 0.00178927 -3.28537e-05 -0.00278682 0.00105306 0.00330575 0.00270761 0.00370265 0.000447369 -0.00132822 0.00303919 0.00460186
internal_weight=484 43 441 420 124 46 78 48 296 188 108 54 54 154
internal_count=484 43 441 420 124 46 78 48 296 188 108 54 54 154
is_linear=0
shrinkage=0.0798702


Tree=46
num_leaves=18
num_cat=0
split_feature=72 76 23 12 4 23 73 73 30 4 24 106 25 23 24 56 25
split_gain=4.09273 0.372686 0.14989 0.157359 0.15269 0.126978 0.14215 0.0823106 0.0511815 0.0742754 0.0958003 0.0897024 0.0476382 0.06717 0.033552 0.0161236 0.000541157
threshold=1853.5471428571432 0.027959436307257092 -0.90163369914317015 1.0000000180025095e-35 6.5000000000000009 0.039769539193789977 0.25063756537889975 0.15980532184002352 143.3544810009268 24.500000000000004 -0.71502926860092908 3245.6850000000009 -0.77517597200567023 0.95239763423914636 0.07411673974326928 10.003524037824194 -0.49063722529244203
decision_type=2 2 2 2 2 2 2 2 2 2 2 2 2 2 2 2 2
left_child=1 -1 7 4 15 6 -5 -2 14 10 16 -12 -7 -14 -6 -4 -10
right_child=2 -3 3 5 8 12 -8 -9 9 -11 11 -13 13 -15 -16 -17 -18
leaf_value=-0.0084414921016184117 0 -0.030770741435561549 0.0056543956105374812 0.0042964691068402899 -0.00028304819890409501 0 -0.0030730909281842379 0.0087468717277436343 -0.00036556898027831851 0.00020153965781888032 -0.0083695941821533022 -7.3513983407011516e-05 0.006902911959100845 0 0.0027065600821391395 0 1.4075038588515956e-05
leaf_weight=22 20 21 23 25 20 22 33 32 21 32 26 30 66 22 26 20 23
leaf_count=22 20 21 23 25 20 22 33 32 21 32 26 30 66 22 26 20 23
internal_value=-7.85012e-05 -0.0223868 0.00220143 0.00144911 0 0.00325504 0 0.00634965 -0.00101518 -0.00191449 -0.00304826 -0.00510592 0.00479639 0.00563336 0.000515645 0.00405461 0
internal_weight=484 43 441 389 221 168 58 52 178 132 100 56 110 88 46 43 44
internal_count=484 43 441 389 221 168 58 52 178 132 100 56 110 88 46 43 44
is_linear=0
shrinkage=0.0798702


Tree=47
num_leaves=16
num_cat=0
split_feature=105 21 75 5 55 23 55 65 73 50 61 3 63 36 56
split_gain=3.63765 0.430509 0.150575 0.108829 0.0947751 0.0812583 0.0704365 0.13784 0.107134 0.0688667 0.0374224 0.0488776 0.0362909 0.0188849 0.0172462
threshold=1.0144230769230771 -0.13398594226331254 10.848807869877053 4.5000000000000009 163.79273437500004 0.95239763423914636 152.2270742844415 137.00643793336718 0.27553835600238885 149.48498396150765 9.7684227184012151 21.500000000000004 113.50000000000001 10.057174050548149 9.8562032098986538
decision_type=2 2 2 2 2 2 2 2 2 2 2 2 2 2 2
left_child=1 -1 3 4 5 10 7 -5 14 -6 11 -2 -11 -9 -8
right_child=2 -3 -4 6 9 -7 8 13 -10 12 -12 -13 -14 -15 -16
leaf_value=-0.030282123230356901 0.0034690832311791531 -0.0072940162792922867 0.0073186810717931006 -0.0065135891792482492 -0.0033354076076703323 0 -0.0020619619088774101 0.0017668147643583997 0.0047506259146083531 0.0030383832212814905 0.0064432311615363527 0 0 -0.00076340197478967468 9.5717324003759049e-05
leaf_weight=20 45 21 32 22 20 23 21 26 34 38 58 31 21 37 35
leaf_count=20 45 21 32 22 20 23 21 26 34 38 58 31 21 37 35
internal_value=-5.94867e-05 -0.0215974 0.00203165 0.00141986 0.00252277 0.00363441 0 -0.00169288 0.00142323 0 0.0043741 0.00188611 0.00160108 0 0
internal_weight=484 41 443 411 236 157 175 85 90 79 134 76 59 63 56
internal_count=484 41 443 411 236 157 175 85 90 79 134 76 59 63 56
is_linear=0
shrinkage=0.0798702


Tree=48
num_leaves=10
num_cat=0
split_feature=108 24 73 75 24 45 105 60 105
split_gain=3.57207 0.415291 0.533808 0.165707 0.112233 0.108815 0.0616072 0.0600096 0.0309431
threshold=120.50000000000001 0.98802988639542 0.13263054632843188 10.848807869877053 0.90893208180343155 207.91482142857146 1.1372115217768526 192.91800213675216 1.2069836293974225
decision_type=2 2 2 2 2 2 2 2 2
left_child=-1 2 -2 4 5 6 7 -4 -8
right_child=1 -3 3 -5 -6 -7 8 -9 -10
leaf_value=-0.024462715418086312 0.01313847781409553 -0.0079212789397893769 0.003441920561986193 0.0068102513452876568 -0.0026939032752847417 -0.0027966656774638509 -9.4049579242592158e-05 0 0.0023370543916665849
leaf_weight=31 24 20 156 32 38 23 106 22 32
leaf_count=31 24 20 156 32 38 23 106 22 32
internal_value=-6.76423e-05 0.0017308 0.00237293 0.00147527 0.000811356 0.00138215 0.0018798 0.0028856 0.000178108
internal_weight=484 453 433 409 377 339 316 178 138
internal_count=484 453 433 409 377 339 316 178 138
is_linear=0
shrinkage=0.0798702


Tree=49
num_leaves=11
num_cat=0
split_feature=108 26 30 5 104 27 71 27 21 39
split_gain=3.08984 0.284296 0.491461 0.157695 0.186483 0.097124 0.187176 0.0778766 0.0636825 0.0623758
threshold=120.50000000000001 0.96849880583763492 127.07577561327562 1.5000000000000002 316.50000000000006 9.190737457223042 9.7530562419590492 9.8829084342644951 0.97112537654464559 125.50000000000001
decision_type=2 2 2 2 2 2 2 2 2 2
left_child=-1 2 -2 9 5 -5 8 -8 -7 -4
right_child=1 -3 3 4 -6 6 7 -9 -10 -11
leaf_value=-0.022770394915110886 0.013180291625881892 -0.0048649712134628291 0 -0.00388832672897169 0.0069774283336006037 0.00487092481325202 -0.0039262716649250649 0 0 0.0075997855173515795
leaf_weight=31 21 31 22 31 22 63 32 179 21 31
leaf_count=31 21 31 22 31 22 63 32 179 21 31
internal_value=-7.60651e-05 0.0015895 0.00223038 0.00138458 0.000570109 0 0.000511575 -0.000570993 0.00367955 0.00537441
internal_weight=484 453 422 401 348 326 295 211 84 53
internal_count=484 453 422 401 348 326 295 211 84 53
is_linear=0
shrinkage=0.0798702


Tree=50
num_leaves=13
num_cat=0
split_feature=108 24 40 37 24 58 55 23 58 58 12 21
split_gain=2.6793 0.350985 0.573777 0.173452 0.149951 0.119229 0.219284 0.0666393 0.0851128 0.0616089 0.0329928 0.0302144
threshold=120.50000000000001 0.98802988639542 126.68071583631826 26176.960000000003 0.8842148469408333 167.00000000000003 158.59378033794167 0.93544191479114935 56.500000000000007 67.500000000000014 -0.60785761079279388 0.76140650896573492
decision_type=2 2 2 2 2 2 2 2 2 2 2 2
left_child=-1 2 -2 4 7 6 -5 8 -4 -10 -7 -12
right_child=1 -3 3 5 -6 10 -8 -9 9 -11 11 -13
leaf_value=-0.021195150609945049 0.013859133241806066 -0.0073639950724212234 0.0049109136428779837 0.00038311438625101359 -0.0050130809748490093 -0.00035073553093165847 0.011169832483554616 -0.0017331716823540404 -0.002860127775519665 0.0011558421772702189 0 0.0038124575375205172
leaf_weight=31 21 20 34 38 29 32 26 38 21 140 29 25
leaf_count=31 21 20 34 38 29 32 26 38 21 140 29 25
internal_value=-5.48024e-05 0.00148904 0.00208857 0.00121594 0 0.00333608 0.00596665 0.000671998 0.00142193 0.000262144 0.000614758 0.00202154
internal_weight=484 453 433 412 262 150 64 233 195 161 86 54
internal_count=484 453 433 412 262 150 64 233 195 161 86 54
is_linear=0
shrinkage=0.0798702


Tree=51
num_leaves=19
num_cat=0
split_feature=33 76 23 5 4 23 73 73 30 4 24 37 40 24 73 23 58 24
split_gain=2.13867 0.808179 0.113526 0.102629 0.12407 0.0984209 0.108181 0.0849735 0.0545767 0.0698569 0.0785272 0.0451169 0.0412287 0.0385414 0.0214428 0.0100446 0.0132924 6.44861e-05
threshold=13.500000000000002 0.027959436307257092 -0.90163369914317015 3.5000000000000004 6.5000000000000009 0.039769539193789977 0.25063756537889975 0.15980532184002352 143.3544810009268 24.500000000000004 -0.71502926860092908 26612.325000000004 167.96749582985822 0.07411673974326928 0.26986060870639833 0.94704596667653973 88.500000000000014 -0.88918525430897799
decision_type=2 2 2 2 2 2 2 2 2 2 2 2 2 2 2 2 2 2
left_child=1 -1 7 5 14 6 -4 -2 13 10 17 -12 15 -6 -5 16 -7 -10
right_child=2 -3 3 4 8 12 -8 -9 9 -11 11 -13 -14 -15 -16 -17 -18 -19
leaf_value=-0.0018744548550550786 0 -0.026122081267375016 0.0033239385213492474 0 -0.00057798460704290295 5.8133420703632535e-05 -0.0030906095017239252 0.0074527776315070019 -0.00012881736310813539 0 -0.0073372243580588446 -0.00030011964505840784 0 0.0028774907002018062 0.0050368905127128076 0 0.0065078657962128637 0
leaf_weight=22 20 21 25 21 20 20 33 32 20 32 29 28 27 25 22 20 43 24
leaf_count=22 20 21 25 21 20 20 33 32 20 32 29 28 27 25 22 20 43 24
internal_value=-4.38969e-05 -0.0161967 0.00157577 0.000915032 -8.69771e-06 0.00238685 0 0.00514178 -0.00116619 -0.00206518 -0.0031253 -0.00498296 0.00374768 0.000427066 0.00337044 0.00462174 0.00534861 0
internal_weight=484 43 441 389 221 168 58 52 178 133 101 57 110 45 43 83 63 44
internal_count=484 43 441 389 221 168 58 52 178 133 101 57 110 45 43 83 63 44
is_linear=0
shrinkage=0.0798702


Tree=52
num_leaves=16
num_cat=0
split_feature=108 70 26 46 75 5 4 60 73 30 40 4 41 79 40
split_gain=2.17016 0.249431 0.678656 0.586006 0.111174 0.0992187 0.0568237 0.0850434 0.11043 0.0801819 0.0464812 0.0400731 0.0264751 0.0211957 0.00922032
threshold=120.50000000000001 185.73783520618295 0.9635202313707022 9.6015866650048078 10.848807869877053 2.5000000000000004 18.500000000000004 149.43319148936175 0.25541209258787462 153.07123588829475 171.52497023809528 6.5000000000000009 10.157666272977064 0.27164829369357807 167.96749582985822
decision_type=2 2 2 2 2 2 2 2 2 2 2 2 2 2 2
left_child=-1 2 4 -3 5 10 9 -8 -9 14 12 -11 -2 -5 -7
right_child=1 3 -4 13 -6 6 7 8 -10 11 -12 -13 -14 -15 -16
leaf_value=-0.01905809532994631 0.00579061517977578 -0.012936610287930103 0.014407973434857625 0 0.0061961714056361734 0.0039242220607322844 0.00044905225048641148 0 -0.0062397080867879207 0.0011473909167324257 0 -0.0018051232352935391 3.2758994932802216e-05 0.0031561402142077149 0
leaf_weight=31 31 20 23 24 23 35 31 30 35 28 38 65 29 21 20
leaf_count=31 31 20 23 24 23 35 31 30 35 28 38 65 29 21 20
internal_value=-2.07306e-05 0.00135835 0.00220144 -0.00276163 0.00112001 0.000553194 -0.000132011 -0.0017522 -0.00347908 0.000612817 0.00267355 -0.00039091 0.00398956 0.00156336 0.00304378
internal_weight=484 453 388 65 365 342 244 96 65 148 98 93 60 45 55
internal_count=484 453 388 65 365 342 244 96 65 148 98 93 60 45 55
is_linear=0
shrinkage=0.0798702


Tree=53
num_leaves=17
num_cat=0
split_feature=108 26 43 36 4 56 88 92 4 36 33 33 69 45 25 52
split_gain=1.88768 0.261429 0.48164 0.11994 0.129106 0.121791 0.110575 0.191048 0.0561446 0.0480491 0.0823621 0.0887147 0.0305311 0.0186394 0.0178521 0.017356
threshold=120.50000000000001 0.96849880583763492 29.500000000000004 10.1726586475763 18.500000000000004 9.6073221588350126 10.507954796199817 9.5180191006656329 25.500000000000004 10.010451955394783 88.500000000000014 136.50000000000003 1.0000000180025095e-35 154.88830603448278 0.73937687903084115 23518.715000000004
decision_type=2 2 2 2 2 2 2 2 2 2 2 2 2 2 2 2
left_child=-1 2 -2 4 9 12 7 14 -7 10 13 -12 -6 -4 15 -5
right_child=1 -3 3 6 5 8 -8 -9 -10 -11 11 -13 -14 -15 -16 -17
leaf_value=-0.017739665616629329 0.012498618326352663 -0.0049034322042303983 0.0010780027685466352 0 -0.0010223561237367239 -0.0066942570445177258 0 0.010635700993503043 0 -0.00015446068762421233 0.0055541579429538692 0 0.002261455332610662 -0.0017771719468842556 0 0.0035262100909596479
leaf_weight=31 22 31 22 22 26 31 34 21 22 27 52 23 27 23 37 33
leaf_count=31 22 31 22 22 26 31 34 21 22 27 52 23 27 23 37 33
internal_value=0 0.00130433 0.00192773 0.00108146 0 -0.00205701 0.0028565 0.00406242 -0.00464283 0.00152889 0.00230075 0.00385534 0 0 0.00159194 0.00245097
internal_weight=484 453 422 400 253 106 147 113 53 147 120 75 53 45 92 55
internal_count=484 453 422 400 253 106 147 113 53 147 120 75 53 45 92 55
is_linear=0
shrinkage=0.0798702


Tree=54
num_leaves=14
num_cat=0
split_feature=108 24 40 31 58 24 97 31 35 107 102 40 41
split_gain=1.63432 0.296598 0.503453 0.10978 0.224319 0.128196 0.0895839 0.0800365 0.0565378 0.0497515 0.0444145 0.0240554 0.0240006
threshold=120.50000000000001 0.98802988639542 126.68071583631826 10.207754153275522 156.50000000000003 0.90893208180343155 4.1202935664404601 9.7995692949651954 179.74458974358978 18.495298000000002 151.58453049759234 149.41730345911955 10.492659633460628
decision_type=2 2 2 2 2 2 2 2 2 2 2 2 2
left_child=-1 2 -2 5 -5 6 7 8 -4 -9 11 -6 -12
right_child=1 -3 3 4 10 -7 -8 9 -10 -11 12 -13 -14
leaf_value=-0.016512442813398275 0.012772618670732512 -0.0069259560494606374 0.0035453280417454547 0.0077387651876034951 0 -0.0050365297315023358 -0.0031117477858616615 -0.0028869897965910093 0 0.00070857176859339028 -0.0021588287227917798 0.0038983238121587634 0
leaf_weight=31 21 20 94 37 22 24 25 28 21 83 35 22 21
leaf_count=31 21 20 94 37 22 24 25 28 21 83 35 22 21
internal_value=0 0.00120713 0.00176898 0.000947478 0.0027528 0 0.000584789 0.00126701 0.00271202 0 0.000160165 0.00228021 -0.000729376
internal_weight=484 453 433 412 137 275 251 226 115 111 100 44 56
internal_count=484 453 433 412 137 275 251 226 115 111 100 44 56
is_linear=0
shrinkage=0.0798702


Tree=55
num_leaves=19
num_cat=0
split_feature=27 23 23 5 45 4 37 65 102 4 24 55 23 33 24 56 45 102
split_gain=1.32042 0.404001 0.0980319 0.0889234 0.107321 0.103511 0.0806521 0.0576066 0.0520907 0.0693674 0.0872862 0.0404902 0.0379541 0.0376194 0.0314068 0.0253754 0.0117406 0.00323436
threshold=7.3369062122722006 -0.2530974457044447 -0.90163369914317015 3.5000000000000004 148.91895590327172 6.5000000000000009 25981.845000000005 151.28199705387209 143.3544810009268 24.500000000000004 -0.71502926860092908 157.61712355404867 0.14250626876356556 141.50000000000003 0.07411673974326928 10.003524037824194 172.36570839112346 161.10684767037318
decision_type=2 2 2 2 2 2 2 2 2 2 2 2 2 2 2 2 2 2
left_child=1 -1 6 4 11 15 -2 16 14 10 17 -4 -9 -12 -7 -5 -6 -10
right_child=2 -3 3 5 7 8 -8 12 9 -11 13 -13 -14 -15 -16 -17 -18 -19
leaf_value=-0.020365757030411154 5.8449955838934074e-05 -0.0013818006870307362 0.0062016080768892007 0.0043600629843692281 0 -0.00062776004430709672 0.0081864246263744118 -0.0032556672191817707 0.00022350794821178723 0 -0.0077417524480044167 0 0 -0.00091744506234976155 0.0025427543364253125 0 0.0034155757408066375 -0.00082075293631922301
leaf_weight=20 32 20 38 23 23 20 20 27 20 32 26 25 31 33 25 20 25 24
leaf_count=20 32 20 38 23 23 20 20 27 20 32 26 25 31 33 25 20 25 24
internal_value=0 -0.013156 0.00122271 0.000613378 0.00201095 -0.000245718 0.00449417 0 -0.00129029 -0.00213621 -0.00316598 0.00452398 -0.001229 -0.00506616 0.000202004 0.002769 0.00227259 0
internal_weight=484 40 444 392 169 223 52 106 180 135 103 63 58 59 45 43 48 44
internal_count=484 40 444 392 169 223 52 106 180 135 103 63 58 59 45 43 48 44
is_linear=0
shrinkage=0.0798702


Tree=56
num_leaves=16
num_cat=0
split_feature=108 24 40 23 66 41 21 50 37 12 5 54 91 60 41
split_gain=1.24879 0.264031 0.444767 0.110099 0.106212 0.0783999 0.0823568 0.0777041 0.0753178 0.0505413 0.0504602 0.0254905 0.0194888 0.0180117 0.0145642
threshold=120.50000000000001 0.98802988639542 126.68071583631826 -0.90163369914317015 10.014752258766601 9.4534550869539604 -0.41398024697495356 147.39989817445971 25981.845000000005 -0.21694186955877909 2.5000000000000004 146.50000000000003 0.4126314265382906 148.88270270270274 9.2168813266821044
decision_type=2 2 2 2 2 2 2 2 2 2 2 2 2 2 2
left_child=-1 2 -2 8 5 7 11 -5 -4 -6 -8 -7 13 -11 -9
right_child=1 -3 3 4 9 6 10 14 -10 12 -12 -13 -14 -15 -16
leaf_value=-0.0144272359781005 0.0119391686247946 -0.0066038418986509428 0 -0.00047739727359150927 0 -0.00053428417326204512 0 0 0.0076589249634066246 0 -0.0039844637675941061 0.0021480419005093896 0 0.0060727075001928352 0.0052283030324789675
leaf_weight=31 21 20 31 34 26 51 31 21 20 22 77 27 24 27 21
leaf_count=31 21 20 31 34 26 51 31 21 20 22 77 27 24 27 21
internal_value=0 0.00106239 0.00159938 0.000820909 0.000161134 -0.000534869 -0.00153787 0.001245 0.0041777 0.00242574 -0.00294254 0 0.00346346 0.00443384 0.00361681
internal_weight=484 453 433 412 361 262 186 76 51 99 108 78 73 49 42
internal_count=484 453 433 412 361 262 186 76 51 99 108 78 73 49 42
is_linear=0
shrinkage=0.0798702


Tree=57
num_leaves=15
num_cat=0
split_feature=108 24 30 42 88 91 5 4 40 50 42 55 55 42
split_gain=1.0862 0.234397 0.464037 0.106929 0.107157 0.0741044 0.0619533 0.0599838 0.105052 0.145212 0.0417193 0.042535 0.0402008 0.118926
threshold=120.50000000000001 0.98802988639542 126.48113436354113 33726.230000000003 10.507954796199817 0.38796319816490427 2.5000000000000004 11.500000000000002 141.54367450638796 169.69150874698119 25242.235000000004 154.5974294168646 148.09979933791701 18593.295000000002
decision_type=2 2 2 2 2 2 2 2 2 2 2 2 2 2
left_child=-1 2 -2 6 5 -5 10 12 -9 -10 11 -4 -8 -14
right_child=1 -3 3 4 -6 -7 7 8 9 -11 -12 -13 13 -15
leaf_value=-0.013429166652462509 0.012294216296447186 -0.0061783175212841712 0.0052061411776599936 0.0089498648728742053 0 0.00051882485232720846 -0.00045216244216609729 0.0012451684221495216 -0.0047081752029365992 0 0 0 0.0055400629035345997 -0.00013440181952900193
leaf_weight=31 20 20 27 21 29 30 28 38 82 44 24 33 30 27
leaf_count=31 20 20 27 21 29 30 28 38 82 44 24 33 30 27
internal_value=0 0.0010182 0.00152908 0.000752781 0.00329197 0.00535937 0 -0.000529096 -0.00152729 -0.00276169 0.00191074 0.00301844 0.000817271 0.00223885
internal_weight=484 453 433 413 80 51 333 249 164 126 84 60 85 57
internal_count=484 453 433 413 80 51 333 249 164 126 84 60 85 57
is_linear=0
shrinkage=0.0798702


Tree=58
num_leaves=17
num_cat=0
split_feature=27 21 97 60 79 102 27 60 37 23 63 35 33 78 45 41
split_gain=0.926453 0.315118 0.0850642 0.0722866 0.11063 0.0956228 0.056932 0.103159 0.0554051 0.0446973 0.0444119 0.0393693 0.0273685 0.0372588 0.00515863 0.00195322
threshold=7.3369062122722006 -0.13398594226331254 4.1202935664404601 145.98689664773363 0.24298224210655991 161.92890173410407 9.6649126250908406 156.80144360235428 17693.665000000005 0.59866263443171663 136.50000000000003 158.92490201567753 117.50000000000001 14142.144642857145 159.48118819188196 10.442484588453492
decision_type=2 2 2 2 2 2 2 2 2 2 2 2 2 2 2 2
left_child=1 -1 3 4 14 6 8 15 -5 -9 11 -7 13 -6 -2 -8
right_child=2 -3 -4 5 12 10 7 9 -10 -11 -12 -13 -14 -15 -16 -17
leaf_value=-0.017258516550534894 0.00069542830942973379 -0.00052188493101400408 -0.0023226464850047996 0.0017428946739365227 0.0034692987918053374 0 -0.00065786272894081477 0.0054362228433539987 -0.0032659872218656323 0 0 -0.0040299771323418039 0.0075801614662209839 0 -0.0007019106667451409 0
leaf_weight=20 38 20 28 21 35 29 24 57 21 21 39 37 29 23 20 22
leaf_count=20 38 20 28 21 35 29 24 57 21 21 39 37 29 23 20 22
internal_value=0 -0.0109603 0.00108621 0.00145862 0.00294878 0.000442159 0.00174435 0.0026182 0 0.00431421 -0.00114623 -0.0024576 0.00467742 0.00196009 0 0
internal_weight=484 40 444 416 145 271 166 124 42 78 105 66 87 58 58 46
internal_count=484 40 444 416 145 271 166 124 42 78 105 66 87 58 58 46
is_linear=0
shrinkage=0.0798702


Tree=59
num_leaves=16
num_cat=0
split_feature=41 76 22 89 25 70 70 43 65 24 83 45 61 107 61
split_gain=0.831749 1.13794 0.0719701 0.257804 0.123374 0.103146 0.118311 0.0906108 0.0936613 0.0874865 0.0635759 0.0631946 0.0474025 0.0419541 0.0288204
threshold=7.3369062122722006 0.027959436307257092 0.78192542922038299 10.293694671663784 0.94101405461977705 136.20592715231791 148.16242470295666 124.50000000000001 169.60094028662422 -0.41594454530410557 9.6714514107950063 156.70103272036167 10.060517391476507 19.170230500000002 8.3681105020341366
decision_type=2 2 2 2 2 2 2 2 2 2 2 2 2 2 2
left_child=1 -1 5 4 -4 9 12 10 11 14 -8 -9 -7 -5 -2
right_child=2 -3 3 13 -6 6 7 8 -10 -11 -12 -13 -14 -15 -16
leaf_value=0.0016519139781337188 0.0023655703632245641 -0.020381779590324518 0.010652010303470991 0.00082510954030038731 9.1759093421973947e-05 0.0056747257613094203 0 0.0023282406303836616 -0.0051840383084605932 -0.004346273848290211 0.0041989958073736598 -0.0019549339332222246 0 -0.0029690891236897926 -0.00088030029415135788
leaf_weight=22 22 24 25 29 23 42 28 38 24 38 41 40 26 23 39
leaf_count=22 22 24 25 29 23 42 28 38 24 38 41 40 26 23 39
internal_value=0 -0.00969506 0.00109603 0.0030096 0.007009 0.000349497 0.00135808 0 -0.00128464 -0.00155268 0.00233346 0 0.00406766 -7.92753e-05 0
internal_weight=484 46 438 100 48 338 239 171 102 99 69 78 68 52 61
internal_count=484 46 438 100 48 338 239 171 102 99 69 78 68 52 61
is_linear=0
shrinkage=0.0798702


Tree=60
num_leaves=16
num_cat=0
split_feature=97 105 24 37 24 58 97 28 70 28 70 105 33 82 41
split_gain=0.807699 1.58961 0.765439 0.102772 0.0883142 0.0786843 0.0752417 0.0535704 0.0408625 0.0602031 0.0682547 0.0512873 0.024501 0.0152551 0.0201916
threshold=1.9712560816443736 1.0144230769230771 0.98448590438035632 28501.250000000004 0.92763104771667149 156.50000000000003 4.1202935664404601 66.500000000000014 131.3465063260341 148.50000000000003 192.15332120582124 1.1713797316666279 176.50000000000003 10.499429361438805 10.39939172714832
decision_type=2 2 2 2 2 2 2 2 2 2 2 2 2 2 2
left_child=2 -2 3 4 8 -5 7 -3 -1 10 11 -10 -11 14 -7
right_child=1 6 -4 5 -6 13 -8 -9 9 12 -12 -13 -14 -15 -16
leaf_value=-0.0019956063744162042 -0.018804854689207371 0.0050782520533218115 0.015181512636447791 0.0054430078396731762 -0.0045776590426934447 0 -0.0020351366243423112 0 0.004156532862219414 -0.002018483908076487 0 0 0 0 0.0030938223418745278
leaf_weight=29 35 22 21 39 22 30 28 27 68 39 28 20 23 33 20
leaf_count=29 35 22 21 39 22 30 28 27 68 39 28 20 23 33 20
internal_value=0 -0.00580479 0.00179733 0.000662039 -0.000145914 0.00252219 0.000246746 0.00254774 0.000181289 0.000853204 0.00202435 0.00316654 -0.000575449 0.000356621 0.0014071
internal_weight=484 112 372 351 229 122 77 49 207 178 116 88 62 83 50
internal_count=484 112 372 351 229 122 77 49 207 178 116 88 62 83 50
is_linear=0
shrinkage=0.0798702


Tree=61
num_leaves=16
num_cat=0
split_feature=97 105 24 36 25 88 75 24 26 29 70 73 25 60 70
split_gain=0.695458 1.37486 0.670819 0.0912341 0.0803531 0.161276 0.0854561 0.0768452 0.0709029 0.090758 0.0368492 0.0495437 0.0538642 0.0338999 0.0216602
threshold=1.9712560816443736 1.0144230769230771 0.98448590438035632 10.257730024299715 0.76696112484652035 10.499789916528082 10.587379240733343 0.90893208180343155 -0.68744287537730653 65.500000000000014 131.3465063260341 0.19788169184003476 -0.75861861348348636 151.28199705387209 160.14884702009707
decision_type=2 2 2 2 2 2 2 2 2 2 2 2 2 2 2
left_child=2 -2 3 7 5 6 -5 10 -3 -10 -1 14 -13 -14 -12
right_child=1 8 -4 4 -6 -7 -8 -9 9 -11 11 12 13 -15 -16
leaf_value=-0.0018744646078755237 -0.017483733258541207 -0.0018153279142424338 0.014194192662850132 0 0 0 0.008475459010749092 -0.0038617261839516484 0.0058485493370401456 0 0 0 0 0.0040295682057525451 -0.0022021988074029278
leaf_weight=28 35 31 21 22 28 38 34 28 22 24 26 29 35 56 27
leaf_count=28 35 31 21 22 28 38 34 28 22 24 26 29 35 56 27
internal_value=0 -0.00539212 0.00166203 0.000590317 0.00234949 0.00350333 0.00607202 -0.000161404 0.000193293 0.00257746 0.000188365 0.000845705 0.00185025 0.00283672 -0.000526143
internal_weight=484 112 372 351 122 94 56 229 77 46 201 173 120 91 53
internal_count=484 112 372 351 122 94 56 229 77 46 201 173 120 91 53
is_linear=0
shrinkage=0.0798702


Tree=62
num_leaves=17
num_cat=0
split_feature=97 105 41 23 45 54 105 97 97 105 29 29 90 12 45 65
split_gain=0.6014 1.18644 0.445939 0.0853352 0.086024 0.0699139 0.0633951 0.0591834 0.0571764 0.0862876 0.0396697 0.0392491 0.0351396 0.0282763 0.0162121 0.00716176
threshold=1.9712560816443736 1.0144230769230771 9.2503815022972216 -0.90163369914317015 158.94171631205677 123.50000000000001 1.1642258689932146 4.1202935664404601 0.32290089460726684 1.1022576812086236 155.50000000000003 66.500000000000014 31322.144250000005 -0.21694186955877909 149.58285734042556 145.6814481668774
decision_type=2 2 2 2 2 2 2 2 2 2 2 2 2 2 2 2
left_child=2 -2 -1 6 5 14 -4 11 15 -10 -7 -3 -12 -14 -5 -6
right_child=1 7 3 4 8 10 -8 -9 9 -11 12 -13 13 -15 -16 -17
leaf_value=0.010852373607099348 -0.01625542725797656 0.0044018679197271818 0 -0.0016846399166745804 -0.00082303568285056912 0.0044089055181195311 0.0065292076798759468 -0.001831972619732477 0 -0.0055850951555844377 -0.00089896867671663194 0 0 0.0035742999377325392 0 0.00082162972864931085
leaf_weight=26 35 22 31 38 23 41 20 28 23 35 26 27 28 26 20 35
leaf_count=26 35 22 31 38 23 41 20 28 23 35 26 27 28 26 20 35
internal_value=0 -0.00502314 0.00153657 0.00055499 0 0.00110093 0.00341967 0.0001226 -0.00164285 -0.00331675 0.00227447 0.00223513 0.000402058 0.00190337 -0.0005357 0
internal_weight=484 112 372 346 295 179 51 77 116 58 121 49 80 54 58 58
internal_count=484 112 372 346 295 179 51 77 116 58 121 49 80 54 58 58
is_linear=0
shrinkage=0.0798702


Tree=63
num_leaves=13
num_cat=0
split_feature=24 24 75 5 106 50 55 106 28 30 73 40
split_gain=0.590894 0.890088 0.748866 0.0939223 0.0800501 0.0323896 0.0621749 0.0390902 0.0459033 0.0331908 0.0133045 0.012248
threshold=0.9899370942838045 0.96688398750826543 7.3194170753107164 1.5000000000000002 6351.255000000001 144.49511111111113 160.54647615624253 2372.7850000000003 63.500000000000007 165.87345804988664 0.32949436087030298 174.66734250703098
decision_type=2 2 2 2 2 2 2 2 2 2 2 2
left_child=1 2 -1 11 5 6 10 8 -7 -9 -5 -4
right_child=-2 -3 3 4 -6 7 -8 9 -10 -11 -12 -13
leaf_value=-0.012829753544426446 -0.010901671596479196 0.015133436607147506 0.0044824466056796273 0.00093393784119876594 0.0045141003568861162 0 -0.0038796922121400097 0.0002067389170437831 0.0030665844940939891 -0.0019175113639695986 -0.0012370777212743864 0
leaf_weight=23 25 21 39 42 20 20 35 108 53 54 24 20
leaf_count=23 25 21 39 42 20 20 35 108 53 54 24 20
internal_value=0 0.000702607 -3.23131e-05 0.000695844 4.38826e-05 -0.000134819 -0.00138284 0.000209421 0.00179495 -0.000235527 0 0.00354514
internal_weight=484 459 438 415 356 336 101 235 73 162 66 59
internal_count=484 459 438 415 356 336 101 235 73 162 66 59
is_linear=0
shrinkage=0.0798702


Tree=64
num_leaves=13
num_cat=0
split_feature=24 24 75 5 106 4 58 4 107 46 24 23
split_gain=0.514841 0.77767 0.653526 0.0825591 0.0700721 0.063839 0.0923016 0.0961307 0.0379659 0.0671729 0.0263403 0.0133308
threshold=0.9899370942838045 0.96688398750826543 7.3194170753107164 1.5000000000000002 6351.255000000001 18.500000000000004 162.50000000000003 27.500000000000004 20.295054000000004 9.9786355975667487 -0.73137137938158603 0.62585923293574564
decision_type=2 2 2 2 2 2 2 2 2 2 2 2
left_child=1 2 -1 11 5 8 7 -7 9 -5 -10 -4
right_child=-2 -3 3 4 -6 6 -8 -9 10 -11 -12 -13
leaf_value=-0.011981680664296342 -0.010170971917873932 0.014149242227333348 0.004403102660542833 0.0028101252925396103 0.00422323016563697 -0.0041184859233230125 0.0014751644316045283 0 0 0 -0.002209162381895793 0
leaf_weight=23 25 21 36 87 20 82 26 27 22 58 34 23
leaf_count=23 25 21 36 87 20 82 26 27 22 58 34 23
internal_value=0 0.000660782 -1.87974e-05 0.000653957 3.38455e-05 -0.000124286 -0.00155285 -0.00274737 0.000605413 0.00140654 -0.000591681 0.00332626
internal_weight=484 459 438 415 356 336 135 109 201 145 56 59
internal_count=484 459 438 415 356 336 135 109 201 145 56 59
is_linear=0
shrinkage=0.0798702


Tree=65
num_leaves=13
num_cat=0
split_feature=24 24 27 5 106 4 58 4 102 74 39 46
split_gain=0.450064 0.67798 0.573148 0.0705185 0.0607877 0.0519372 0.0797008 0.0848475 0.0567367 0.0440289 0.015781 0.00759765
threshold=0.9899370942838045 0.96688398750826543 7.3369062122722006 1.5000000000000002 6351.255000000001 18.500000000000004 162.50000000000003 27.500000000000004 153.07123588829475 9.0386102551029648 120.50000000000001 10.18553779399098
decision_type=2 2 2 2 2 2 2 2 2 2 2 2
left_child=1 2 -1 10 5 8 7 -7 11 -10 -4 -5
right_child=-2 -3 3 4 -6 6 -8 -9 9 -11 -12 -13
leaf_value=-0.01099542891494852 -0.0094892481968496065 0.013229055681705536 0 0.0028315213146664431 0.0039511025086942974 -0.0038076982331986158 0.0013756741801970664 0 0.0018851178163726027 -0.0013656335782180956 0.0043792446766795553 0
leaf_weight=24 25 21 26 54 20 82 26 27 25 92 33 29
leaf_count=24 25 21 26 54 20 82 26 27 25 92 33 29
internal_value=0 0.000637612 0 0.000647336 5.96038e-05 -7.7623e-05 -0.00138181 -0.00251032 0.000569646 -0.000212594 0.00312779 0.00219477
internal_weight=484 459 438 414 355 335 135 109 200 117 59 83
internal_count=484 459 438 414 355 335 135 109 200 117 59 83
is_linear=0
shrinkage=0.0798702


Tree=66
num_leaves=18
num_cat=0
split_feature=97 105 24 24 104 26 29 71 75 30 76 50 91 66 30 50 31
split_gain=0.414384 0.818397 0.673727 0.0868462 0.0566573 0.056332 0.0745694 0.0544555 0.0523785 0.0439037 0.0418955 0.0395329 0.0333508 0.0273978 0.0130073 0.00613406 0.00591404
threshold=1.9712560816443736 1.0144230769230771 0.98448590438035632 0.63920574196977176 183.50000000000003 -0.68744287537730653 65.500000000000014 9.7530562419590492 10.821576060864929 167.50669222106725 10.127587979467608 158.59378033794167 0.36165191890926024 9.5403853211028782 147.36845952492578 169.39939223057647 10.104291299429864
decision_type=2 2 2 2 2 2 2 2 2 2 2 2 2 2 2 2 2
left_child=2 -2 3 8 7 -3 -7 -5 9 11 13 12 14 -11 -1 -13 -17
right_child=1 5 -4 4 -6 6 -8 -9 -10 10 -12 15 -14 -15 -16 16 -18
leaf_value=0 -0.013433033144513816 -0.0016545970263327199 0.013858773358474845 0 0 0.0052467605735489779 0 -0.0052293881590410977 0.004146384406297058 -0.0012218392044812112 -0.0034286732718000448 -0.0011097873888945516 0 0.0020048256267869028 0.0041032325587697328 0 0.0012856656502515599
leaf_weight=23 35 31 21 23 36 22 24 30 32 24 22 23 25 28 44 20 21
leaf_count=23 35 31 21 23 36 22 24 30 32 24 22 23 25 28 44 20 21
internal_value=0 -0.00409633 0.00134707 0.000281084 -0.00160824 7.2936e-05 0.00227039 -0.00323292 0.00112813 0.00041866 -0.000777939 0.00130431 0.00233059 0 0.00320729 0 0.000327224
internal_weight=484 112 372 351 89 77 46 53 262 230 74 156 92 52 67 64 41
internal_count=484 112 372 351 89 77 46 53 262 230 74 156 92 52 67 64 41
is_linear=0
shrinkage=0.0798702


Tree=67
num_leaves=17
num_cat=0
split_feature=24 24 27 23 105 105 12 66 41 30 26 76 97 35 35 73
split_gain=0.421116 0.630987 0.417561 0.0667263 0.0573434 0.0486398 0.0494551 0.0734235 0.0470573 0.0528056 0.0416213 0.0257111 0.016846 0.0166793 0.045085 0.0187272
threshold=0.98802988639542 0.96117374062971617 6.7973945644710652 -0.90163369914317015 1.1642258689932146 1.1431068931068933 -0.21694186955877909 9.7188956062403253 9.6115951414251306 159.704706914615 -0.80671910480222953 9.4790265481375826 0.3757721270348387 161.10684767037318 143.22939827233463 0.27141066549226589
decision_type=2 2 2 2 2 2 2 2 2 2 2 2 2 2 2 2
left_child=1 2 -1 4 -4 6 8 11 -5 -10 -7 -8 -9 14 -12 -15
right_child=-2 -3 3 5 -6 10 7 12 9 -11 13 -13 -14 15 -16 -17
leaf_value=-0.0097019295893713085 -0.0086825906391018552 0.012821343775584127 0 0.0018437274691766993 0.006014446108371139 -0.00320346157941971 0.0015903922657547664 0.0047039472349403467 0 -0.0045445260500741646 0.00024605924030897641 -0.0014874146208381641 0 0 -0.002779327916500493 0.0024854518532598179
leaf_weight=22 28 21 31 26 21 33 27 44 38 21 28 33 22 27 40 22
leaf_count=22 28 21 31 26 21 33 27 44 38 21 28 33 22 27 40 22
internal_value=0 0.00068213 0 0.000582995 0.00316012 3.82051e-05 0.000934677 0.00196253 -5.40841e-05 -0.00175191 -0.000888877 0 0.00370574 0 -0.000910689 0.000925079
internal_weight=484 456 435 413 52 361 211 126 85 59 150 60 66 117 68 49
internal_count=484 456 435 413 52 361 211 126 85 59 150 60 66 117 68 49
is_linear=0
shrinkage=0.0798702


Tree=68
num_leaves=16
num_cat=0
split_feature=24 24 75 23 73 54 42 61 57 55 88 24 65 97 38
split_gain=0.368964 0.531581 0.383187 0.0580365 0.056745 0.0496436 0.0785331 0.0941584 0.0711926 0.0577186 0.0453385 0.0386979 0.034351 0.0462026 0.0254743
threshold=0.9899370942838045 0.96688398750826543 7.3194170753107164 -0.90163369914317015 0.15980532184002352 146.50000000000003 12751.150000000001 9.7171538588160136 13551.690000000002 162.49204153846156 10.503804288077236 -0.64743680879621224 159.60883734939762 0.37927796663108443 152.00000000000003
decision_type=2 2 2 2 2 2 2 2 2 2 2 2 2 2 2
left_child=1 2 -1 4 -4 6 8 11 9 -5 12 -8 13 -7 -9
right_child=-2 -3 3 5 -6 10 7 14 -10 -11 -12 -13 -14 -15 -16
leaf_value=-0.0091141295679167244 -0.0085416213624844028 0.011767451481443857 0 0 0.0048548957058513137 0.0046169112071369972 0 0.0019837912653685686 -0.0013187403929819841 0.0056563808779769142 -7.800495152810865e-06 -0.0051545557400197043 0 0 -0.00074758034506796874
leaf_weight=23 25 21 20 35 32 45 37 30 21 23 33 44 31 23 41
leaf_count=23 25 21 20 35 32 45 37 30 21 23 33 44 31 23 41
internal_value=0 0.000623348 0 0.000569094 0.00298248 5.27305e-05 -0.00050224 -0.0016919 0.00115431 0.00288038 0.00137398 -0.00349757 0.00229666 0.00324522 0
internal_weight=484 459 438 415 52 363 231 152 79 58 132 81 99 68 71
internal_count=484 459 438 415 52 363 231 152 79 58 132 81 99 68 71
is_linear=0
shrinkage=0.0798702


Tree=69
num_leaves=17
num_cat=0
split_feature=24 26 5 39 79 24 22 5 40 105 45 50 45 97 35 40
split_gain=0.327679 0.515845 0.123124 0.275084 0.148327 0.0842815 0.0669645 0.411456 0.133626 0.0693858 0.060794 0.0352016 0.0257307 0.0360047 0.0168396 0.0139321
threshold=0.98802988639542 0.9635202313707022 5.5000000000000009 66.500000000000014 0.29231223209731871 0.07411673974326928 0.71353761266622884 4.5000000000000009 142.84804384811696 1.0893014344156182 153.77996259541987 148.03684354923209 185.68515108270773 0.27786984043160196 147.17663266373719 155.97556746532157
decision_type=2 2 2 2 2 2 2 2 2 2 2 2 2 2 2 2
left_child=1 2 6 -4 5 -5 9 8 -8 -1 14 -10 13 -12 -11 -16
right_child=-2 -3 3 4 -6 -7 7 -9 11 10 12 -13 -14 -15 15 -17
leaf_value=0.0034115784074307434 -0.0076562786671208758 0.01115632984941781 -0.0093570423871936065 0 0.0040881781087248751 -0.0047622434175461741 -0.0047791068868202067 0.011443817116175427 0 0 0 0.0036322483274089275 0 -0.0035934775395922353 0.0027142398240221511 0
leaf_weight=27 28 23 22 39 30 35 24 20 28 28 20 27 25 59 26 23
leaf_count=27 28 23 22 39 30 35 24 20 28 28 20 27 25 59 26 23
internal_value=0 0.000604193 0 -0.00212536 0 -0.00215161 0.000790091 0.00244767 0 0 -0.000625209 0.00180528 -0.00198789 -0.00266265 0.000611022 0.00160149
internal_weight=484 456 433 126 104 74 307 99 79 208 181 55 104 79 77 49
internal_count=484 456 433 126 104 74 307 99 79 208 181 55 104 79 77 49
is_linear=0
shrinkage=0.0798702


Tree=70
num_leaves=17
num_cat=0
split_feature=76 44 60 104 50 60 24 84 56 104 12 85 97 60 45 45
split_gain=0.321886 1.19938 0.0690923 0.0664477 0.0870635 0.0787212 0.0554484 0.0509848 0.106915 0.0459522 0.0340961 0.0358707 0.0301074 0.0155273 0.0136536 0.0108438
threshold=0.027959436307257092 4.5000000000000009 149.54573931034486 120.50000000000001 169.21927674153031 171.31375062003971 -0.35243545167535567 35537.450166666669 9.9225021198901224 125.00000000000001 -0.21694186955877909 0.2606740347514489 0.3025261416643758 158.90512947385787 151.92639784660142 148.66180867573163
decision_type=2 2 2 2 2 2 2 2 2 2 2 2 2 2 2 2
left_child=-1 -2 7 4 6 10 -4 8 9 15 11 -5 -7 -12 -11 -3
right_child=1 2 3 5 -6 12 -8 -9 -10 14 13 -13 -14 -15 -16 -17
leaf_value=0.008572506571586742 -0.017575347627345379 0 0 0 0 0 -0.0070459404358473301 -0.00012046149468526994 0.0056829942968911976 0 0 -0.0040549767570764667 0.0040682615319424442 0.0019238233418578281 -0.0017683291729099116 0.0027844081810047107
leaf_weight=22 20 23 29 27 30 30 22 32 41 21 31 25 36 22 31 42
leaf_count=22 20 23 29 27 30 30 22 32 41 21 31 25 36 22 31 42
internal_value=0 -0.000425749 0.000418178 -0.000289338 -0.002215 0.000373154 -0.00418324 0.00159796 0.00224723 0.000455463 -0.000630233 -0.00214384 0.00261222 4.19935e-05 -0.000661052 0.00205103
internal_weight=484 462 442 252 81 171 51 190 158 117 105 52 66 53 52 65
internal_count=484 462 442 252 81 171 51 190 158 117 105 52 66 53 52 65
is_linear=0
shrinkage=0.0798702


Tree=71
num_leaves=19
num_cat=0
split_feature=82 43 60 79 39 59 79 56 56 56 40 104 62 28 50 60 51 40
split_gain=0.281402 1.04877 0.059631 0.0712295 0.0621543 0.0579198 0.0731855 0.0582757 0.0570054 0.055909 0.0767202 0.0293356 0.0282209 0.00954085 0.0218253 0.00701378 0.00299514 0.00212213
threshold=0.078058652058309669 4.5000000000000009 149.54573931034486 0.23981116389060991 71.500000000000014 146.50000000000003 0.23981116389060991 9.980313564214093 9.9225021198901224 9.6248475799525632 154.3934608819346 125.00000000000001 19075.335000000003 61.500000000000007 156.0621318681319 139.67905665024634 10.388537505692735 157.01370031616986
decision_type=2 2 2 2 2 2 2 2 2 2 2 2 2 2 2 2 2 2
left_child=-1 -2 3 15 -4 7 16 9 11 10 -6 13 -11 -5 -15 -3 -7 -17
right_child=1 2 4 8 5 6 -8 -9 -10 12 -12 -13 -14 14 -16 17 -18 -19
leaf_value=0.0080102523159002528 -0.016442863884206273 -0.00113012119398387 -0.0036129888149341489 0 0.0053194129982355991 0.00074107525815073549 -0.0038857669887115728 0.0035895004745559725 0.0062480971990758628 -0.0029308863685007171 0 0 0 0 0.0042603221594871557 0.00067059931232823209 0 0
leaf_weight=22 20 30 27 21 20 30 37 40 25 33 23 27 20 20 21 26 22 20
leaf_count=22 20 30 27 21 20 30 37 40 25 33 23 27 20 20 21 26 22 20
internal_value=0 -0.000403875 0.000378194 0.00147853 -0.000268311 0 -0.00132288 0.0012077 0.00272209 0 0.00210649 0.000928604 -0.0015818 0.00200319 0.00267997 0 0 7.80037e-05
internal_weight=484 462 442 190 252 225 89 136 114 96 43 89 53 62 41 76 52 46
internal_count=484 462 442 190 252 225 89 136 114 96 43 89 53 62 41 76 52 46
is_linear=0
shrinkage=0.0798702


Tree=72
num_leaves=18
num_cat=0
split_feature=76 45 107 85 45 40 85 30 25 107 107 75 31 70 95 45 27
split_gain=0.245599 0.929198 0.0433696 0.104904 0.0816126 0.0577024 0.0560627 0.130913 0.04857 0.0391639 0.0371196 0.031848 0.0677898 0.0248914 0.0222316 0.019251 0.012794
threshold=0.027959436307257092 111.94662500000001 19.202476500000007 0.38225812459994268 180.24062937062939 164.77668961240315 0.34889787139984935 156.26664935064937 0.69676570133721638 18.575717500000003 20.658074500000001 10.118611191987487 10.166887213793652 148.16242470295666 10.232517000269224 153.77996259541987 9.9262228837752726
decision_type=2 2 2 2 2 2 2 2 2 2 2 2 2 2 2 2 2
left_child=-1 -2 6 4 5 10 9 14 -5 11 16 -3 -13 -7 -8 -11 -4
right_child=1 2 3 8 -6 13 7 -9 -10 15 -12 12 -14 -15 -16 -17 -18
leaf_value=0.0074848739617389883 -0.015165752706871845 0.00018772374703602027 -0.0017181733523144163 -0.0053868948113640963 0.0044045810090469588 0 0.0070124700701165226 -0.00015364710182045737 0 0.0033280682654907353 0.0027534736634690412 -0.0042120008435454891 0 -0.0034093286219597368 5.7843527156441845e-05 0 0.00043879662049071808
leaf_weight=22 21 29 20 28 24 29 29 25 20 24 38 34 24 33 21 24 39
leaf_count=22 21 29 20 28 24 29 29 25 20 24 38 34 24 33 21 24 39
internal_value=0 -0.000375558 0.000371693 -0.000210092 0.000449362 0 0.00123546 0.00293105 -0.00348648 0 0.000927821 -0.000765284 -0.00201812 -0.00204921 0.00526691 0.00192724 0
internal_weight=484 462 441 231 183 159 210 75 48 135 97 87 58 62 50 48 59
internal_count=484 462 441 231 183 159 210 75 48 135 97 87 58 62 50 48 59
is_linear=0
shrinkage=0.0798702


Tree=73
num_leaves=17
num_cat=0
split_feature=97 24 45 24 106 45 5 107 55 14 55 71 49 25 67 67
split_gain=0.290999 0.674859 0.53761 0.0685306 0.0489615 0.0309197 0.0561038 0.0381262 0.0354841 0.0397696 0.0299332 0.0342872 0.0185536 0.0230532 0.00830536 0.00793811
threshold=1.9712560816443736 0.98448590438035632 117.6724540960452 0.9511141467270442 6351.255000000001 148.17815477680435 5.5000000000000009 18.630786000000004 169.6805196055611 -0.24999999999999994 155.72974505794141 9.1776574725993125 120.50000000000001 1.0000000180025095e-35 18780.790000000005 17299.380000000005
decision_type=2 2 2 2 2 2 2 2 2 2 2 2 2 2 2 2
left_child=1 3 -2 4 5 6 7 -1 12 -10 11 -4 13 -7 -14 -8
right_child=2 -3 10 -5 -6 8 15 -9 9 -11 -12 -13 14 -15 -16 -17
leaf_value=0 -0.010709773925129085 0.013635675253170195 9.6775795636820744e-05 -0.003762852618951176 0.0040129287334586313 0 -0.0014581340825262762 0.0039024334987402191 0 -0.0038080482986203746 0.0021947725308664595 -0.0028693763269729716 -0.0010872285759749786 0.0030560670340229828 0 0
leaf_weight=27 37 21 20 20 20 23 20 46 24 30 31 24 45 23 53 20
leaf_count=27 37 21 20 20 20 23 20 46 24 30 31 24 45 23 53 20
internal_value=0 0.00114335 -0.00341721 8.15093e-05 0.000513455 7.22019e-05 0.00121694 0.00261087 -0.000347224 -0.00206545 0 -0.000616557 5.95257e-06 0.00148821 -0.000239046 -0.000214946
internal_weight=484 372 112 351 331 311 113 73 198 54 75 44 144 46 98 40
internal_count=484 372 112 351 331 311 113 73 198 54 75 44 144 46 98 40
is_linear=0
shrinkage=0.0798702


Tree=74
num_leaves=18
num_cat=0
split_feature=82 32 60 27 91 79 107 60 25 107 107 107 32 46 60 57 25
split_gain=0.253667 0.760189 0.053855 0.071942 0.0751618 0.0630166 0.0655918 0.0561051 0.054464 0.0514118 0.0432111 0.0301271 0.0226332 0.00667764 0.00681828 0.00462802 0.00119733
threshold=0.078058652058309669 2527.0150000000008 149.54573931034486 9.6959773870177965 0.35401447218001092 0.23981116389060991 19.668509500000003 163.79273437500004 0.2332873305612278 19.170230500000002 18.315148000000004 18.271125000000005 27111.770000000004 10.468436016814129 139.29274120890207 26650.140000000003 -0.57779839871005645
decision_type=2 2 2 2 2 2 2 2 2 2 2 2 2 2 2 2 2
left_child=-1 -2 5 4 -4 13 11 12 -8 10 -9 -7 -5 14 -3 -14 -11
right_child=1 2 3 7 -6 6 8 9 -10 16 -12 -13 15 -15 -16 -17 -18
leaf_value=0.0076238087896621284 -0.013740613085667515 -0.00183949150721928 0 -0.0021972495295031181 -0.0046370978036493794 0.0022048549409710841 0.007688175904926868 0 0 -0.00045207623676104755 0.0058763585337627613 -0.00042033284565570783 0.001076969827520472 0.00024504932121607994 0 -0.00016641188593744958 0.00026804734075839382
leaf_weight=22 21 20 35 37 39 34 21 25 20 20 22 38 20 32 24 23 31
leaf_count=22 21 20 35 37 39 34 21 25 20 20 22 38 20 32 24 23 31
internal_value=0 -0.000361707 0.000303746 -0.000306794 -0.00242186 0.00136394 0.0025443 0.000338684 0.00506989 0.00176853 0.00354122 0.000226742 -0.000822619 0 -0.000909838 0 0
internal_weight=484 462 441 252 74 189 113 178 41 98 47 72 80 76 44 43 51
internal_count=484 462 441 252 74 189 113 178 41 98 47 72 80 76 44 43 51
is_linear=0
shrinkage=0.0798702


Tree=75
num_leaves=14
num_cat=0
split_feature=26 26 32 105 23 5 45 45 26 41 52 75 45
split_gain=0.218681 0.685838 0.365124 0.0588963 0.0788956 0.064736 0.0558574 0.045273 0.0910558 0.0291937 0.0191825 0.0207599 0.0192367
threshold=0.96849880583763492 0.93081762381485633 1.0000000180025095e-35 1.0906158357771263 -0.90163369914317015 3.5000000000000004 161.74937406103552 153.77996259541987 0.4100733972568032 9.5418855343124456 20923.270000000004 10.148610479658126 148.17815477680435
decision_type=2 2 2 2 2 2 2 2 2 2 2 2 2
left_child=1 2 -1 5 6 -4 -5 10 9 -9 11 -6 -12
right_child=-2 -3 3 4 7 -7 -8 8 -10 -11 12 -13 -14
leaf_value=-0.00954198819021293 -0.0053029688432256663 0.013530074030230333 0.0052885817850414239 0 6.3105993490760023e-05 0 0.0055331880238204253 0 0.0011454263033328475 -0.0032676146860332583 0.0021483366020779177 -0.0020528166707645353 0
leaf_weight=20 39 20 26 22 48 37 21 23 34 95 50 27 22
leaf_count=20 39 20 26 22 48 37 21 23 34 95 50 27 22
internal_value=0 0.000603028 -3.26958e-05 0.000420628 0 0.00257134 0.00301102 -0.000480073 -0.00149256 -0.00267594 0.000250657 -0.000147876 0.00130193
internal_weight=484 445 425 405 342 63 43 299 152 118 147 75 72
internal_count=484 445 425 405 342 63 43 299 152 118 147 75 72
is_linear=0
shrinkage=0.0798702


Tree=76
num_leaves=18
num_cat=0
split_feature=76 43 60 55 102 63 24 41 65 26 26 85 41 60 46 83 26
split_gain=0.251697 0.678409 0.0479492 0.0745504 0.0533458 0.0536614 0.0501447 0.038735 0.0260969 0.0401453 0.0333885 0.0258954 0.019117 0.0228586 0.0210198 0.00304441 0.00039978
threshold=0.027959436307257092 4.5000000000000009 143.86340765076511 176.38168627903403 161.92890173410407 136.50000000000003 0.92763104771667149 9.5418855343124456 162.53646634615387 -0.74154460151993162 -0.29548893422398254 0.2698588497502154 9.9843627907810379 129.69649169110463 10.461638437268642 10.108668695137828 1.0000000180025095e-35
decision_type=2 2 2 2 2 2 2 2 2 2 2 2 2 2 2 2 2
left_child=-1 -2 3 12 6 7 8 -6 9 -4 -11 -9 13 -3 -14 -7 -10
right_child=1 2 4 -5 5 15 -8 11 16 10 -12 -13 14 -15 -16 -17 -18
leaf_value=0.0076120506866936312 -0.013244324938314097 0 0 0.0053820264471608707 0 0.0008677721777973793 -0.0018884448267031198 0 -0.00024770856120085859 0.0052744926080008081 0.00029581257463788253 -0.0054280802391579539 -0.0021279225229463997 0.0026239774081318881 0 0 6.2559311776044023e-05
leaf_weight=22 20 32 28 23 25 21 27 20 35 27 49 31 27 33 21 20 23
leaf_count=22 20 32 28 23 25 21 27 20 35 27 49 31 27 33 21 20 23
internal_value=0 -0.000337928 0.000269619 0.00153491 -0.000146426 -0.00156927 0.000492721 -0.00281948 0.00123298 0.00196494 0.00289292 -0.00399258 0.000139243 0.00128018 -0.000432147 0 0
internal_weight=484 462 442 136 306 117 189 76 162 104 76 51 113 65 48 41 58
internal_count=484 462 442 136 306 117 189 76 162 104 76 51 113 65 48 41 58
is_linear=0
shrinkage=0.0798702


Tree=77
num_leaves=17
num_cat=0
split_feature=97 24 32 24 73 24 22 5 55 23 32 97 73 66 85 79
split_gain=0.227397 0.593866 0.414517 0.0563384 0.0407222 0.093011 0.0702547 0.0318615 0.040284 0.0705497 0.0342816 0.0293922 0.0288063 0.0239496 0.0217632 0.0069181
threshold=1.9712560816443736 0.98448590438035632 2527.0150000000008 0.9511141467270442 0.28873979489943696 -0.7614016681079937 -0.8192529173614248 1.5000000000000002 154.25003457772343 -0.34235511113144612 21616.790000000005 4.1202935664404601 0.31759548559491479 10.331029473114407 0.24038588456800511 0.23610876507375836
decision_type=2 2 2 2 2 2 2 2 2 2 2 2 2 2 2 2
left_child=1 3 -2 4 7 -6 -7 -1 10 14 -9 12 -4 -12 -10 -11
right_child=2 -3 11 -5 5 6 -8 8 9 15 13 -13 -14 -15 -16 -17
leaf_value=0.0019462709328322437 -0.0096204148485040508 0.012761305583709557 0.003052835888552383 -0.0034369516089425836 -0.00030762943595851795 0 0.0071404085633911853 0.0023615714844200065 0 0 -0.0012712950676722302 -0.0014150703663588855 0 0.0012372079994956704 -0.0045076646487392218 0.0012601710307342817
leaf_weight=40 35 21 28 20 22 21 22 36 20 22 67 28 21 20 38 23
leaf_count=40 35 21 28 20 22 21 22 36 20 22 67 28 21 20 38 23
internal_value=0 0.00104596 -0.00298181 4.17518e-05 0.000447269 0.00216443 0.00438221 0 -0.000381484 -0.00161337 0.000279629 0 0.00150501 -0.000114022 -0.00341116 0
internal_weight=484 372 112 351 331 65 43 266 226 103 123 77 49 87 58 45
internal_count=484 372 112 351 331 65 43 266 226 103 123 77 49 87 58 45
is_linear=0
shrinkage=0.0798702


Tree=78
num_leaves=16
num_cat=0
split_feature=76 45 105 45 5 105 38 40 82 31 74 73 40 63 62
split_gain=0.256254 0.560837 0.0470588 0.043884 0.0587601 0.0525143 0.0538128 0.0327013 0.0318496 0.0422822 0.021582 0.0212153 0.0206657 0.0155919 3.75924e-05
threshold=0.027959436307257092 111.94662500000001 1.2117014341590615 148.17815477680435 4.5000000000000009 1.0877785680417262 91.000000000000014 149.63808067375888 10.112997321776724 10.415007953815079 8.9043391499804958 0.29357235287140665 152.33714464229931 134.00000000000003 17693.665000000005
decision_type=2 2 2 2 2 2 2 2 2 2 2 2 2 2 2
left_child=-1 -2 3 4 12 -5 10 -6 13 -10 -7 -9 14 -8 -3
right_child=1 2 -4 5 7 6 8 11 9 -11 -12 -13 -14 -15 -16
leaf_value=0.0076770489055833536 -0.011837131743451907 0 0.0028719694312341463 0.0014236802406572008 0.0011292243021222997 0 0 -0.003374358760780486 -0.0037113625846327239 0 -0.005202714584939044 0 0.0038642731916796219 0.0019925626095568423 9.8353917433047905e-05
leaf_weight=22 21 20 34 38 26 20 81 22 30 41 26 21 40 22 20
leaf_count=22 21 20 34 38 26 20 81 22 30 41 26 21 40 22 20
internal_value=0 -0.000345591 0.000210499 0 0.001028 -0.000668456 -0.00127547 -6.99115e-05 -0.000271817 -0.00166252 -0.00370119 -0.00188443 0.00251662 0.000253043 0
internal_weight=484 462 441 407 149 258 220 69 174 71 46 43 80 103 40
internal_count=484 462 441 407 149 258 220 69 174 71 46 43 80 103 40
is_linear=0
shrinkage=0.0798702


Tree=79
num_leaves=16
num_cat=0
split_feature=76 22 22 94 27 105 39 33 59 60 31 60 27 75 5
split_gain=0.2233 0.51278 0.0497706 0.0807009 0.0629511 0.0540558 0.0824992 0.045733 0.0504289 0.0328855 0.0210452 0.0401579 0.017295 0.00492432 0.00401995
threshold=0.027959436307257092 0.98770287048522631 0.78192542922038299 10.282552728226646 9.2271609436154289 1.0845876616493537 92.500000000000014 124.50000000000001 109.50000000000001 149.54573931034486 10.207754153275522 149.54573931034486 10.401850386469969 10.118611191987487 3.5000000000000004
decision_type=2 2 2 2 2 2 2 2 2 2 2 2 2 2 2
left_child=-1 2 5 4 -4 -2 9 8 13 -7 11 -9 -12 -8 -5
right_child=1 -3 3 14 -6 6 7 10 -10 -11 12 -13 -14 -15 -16
leaf_value=0.0071735254581910043 0.002598975058898115 -0.0091653189333962947 0 0.00045277135674474435 0.0070788596210318725 0 0.00076877354805718887 0 0.0041821200319025788 -0.0042687283966065994 0.0015462266393907016 -0.0028307389521288096 -0.00049923615779358724 -0.00067021034117900342 -0.00079618092638310863
leaf_weight=22 37 34 20 22 21 25 28 36 28 39 37 49 37 22 27
leaf_count=22 37 34 20 22 21 25 28 36 28 39 37 49 37 22 27
internal_value=0 -0.000313432 0.000367594 0.00199159 0.00441062 0 -0.000452289 5.25769e-05 0.00174401 -0.00292406 -0.000497862 -0.00139546 0 0 0
internal_weight=484 462 428 90 41 338 301 237 78 64 159 85 74 50 49
internal_count=484 462 428 90 41 338 301 237 78 64 159 85 74 50 49
is_linear=0
shrinkage=0.0798702


Tree=80
num_leaves=16
num_cat=0
split_feature=76 107 105 107 91 30 105 85 105 55 95 5 4 85 30
split_gain=0.194252 0.460378 0.0447371 0.0499712 0.0642321 0.0963315 0.0397228 0.0410463 0.0349759 0.0400673 0.0340029 0.0331519 0.0159311 0.0197634 0.0114452
threshold=0.027959436307257092 16.669966000000006 1.2117014341590615 19.202476500000007 0.35670579795381047 164.96210363636368 1.1847336466901686 0.32160277984588964 1.1359611650485439 165.70430272952856 10.217492080568771 4.5000000000000009 6.5000000000000009 0.25276689551213249 166.81483032258066
decision_type=2 2 2 2 2 2 2 2 2 2 2 2 2 2 2
left_child=-1 -2 3 6 8 -6 7 12 9 14 -9 -10 -3 -14 -5
right_child=1 2 -4 4 5 -7 -8 10 11 -11 -12 -13 13 -15 -16
leaf_value=0.006703028083842078 -0.010111864000137302 0.0019121532807464825 0.0029614384191648173 0.0034561737747814004 -0.0053453901286977957 0 -0.0010604469940383853 0.0048274402381201604 0 0 0 -0.0029789227777693439 0.00067575040651836544 -0.0014255242340141165 0
leaf_weight=22 24 23 31 34 36 38 21 33 35 27 29 29 32 49 21
leaf_count=22 24 23 31 34 36 38 21 33 35 27 29 29 32 49 21
internal_value=1.60583e-06 -0.000275634 0.000253694 0 -0.00079267 -0.00264446 0.000962125 0.00153408 0 0.00124602 0.00315246 -0.00113343 1.21457e-05 -1.96853e-05 0.00255511
internal_weight=484 462 438 407 220 74 187 166 146 82 62 64 104 81 55
internal_count=484 462 438 407 220 74 187 166 146 82 62 64 104 81 55
is_linear=0
shrinkage=0.0798702


Tree=81
num_leaves=17
num_cat=0
split_feature=76 43 23 36 41 45 24 27 54 54 104 83 51 43 46 55
split_gain=0.169139 0.424337 0.0371612 0.0426406 0.0380172 0.063341 0.0702517 0.0571647 0.0433926 0.0392712 0.0366459 0.0236404 0.0203483 0.0199942 0.011762 0.00154333
threshold=0.027959436307257092 4.5000000000000009 -0.90163369914317015 10.165190729107485 9.3749816739335685 158.94171631205677 -0.71502926860092908 10.002640958730336 123.50000000000001 65.500000000000014 178.50000000000003 10.046548349143885 9.5620448643164231 215.50000000000003 8.4266072100809577 159.79000910010114
decision_type=2 2 2 2 2 2 2 2 2 2 2 2 2 2 2 2
left_child=-1 -2 3 -3 9 8 11 -8 12 14 15 -7 -6 -12 -4 -10
right_child=1 2 4 -5 5 6 7 -9 10 -11 13 -13 -14 -15 -16 -17
leaf_value=0.0062633887773488363 -0.010464625396681171 0 0.0011255973111196577 0.0046205153182215944 0 0.0017205806210477367 -0.0051353080706992172 0 0.0044061855598594973 0.0035165645278674015 -0.00096266026874848359 -0.0012069501901547301 -0.0022034773675598412 0.0013562565638339287 -0.0013005592588709635 0
leaf_weight=22 20 32 20 20 27 31 43 38 20 30 36 26 34 44 21 20
leaf_count=22 20 32 20 20 27 31 43 38 20 30 36 26 34 44 21 20
internal_value=6.82454e-06 -0.000244937 0.000212538 0.0021283 0 -0.000440448 -0.00177027 -0.00323107 0.00032313 0.00153984 0.00138008 0 -0.000943238 0 0 0.00324433
internal_weight=484 462 442 52 390 319 138 81 181 71 120 57 61 80 41 40
internal_count=484 462 442 52 390 319 138 81 181 71 120 57 61 80 41 40
is_linear=0
shrinkage=0.0798702


Tree=82
num_leaves=17
num_cat=0
split_feature=97 85 105 51 63 61 73 55 94 23 49 97 104 39 12 90
split_gain=0.207641 0.589962 0.388703 0.0501702 0.054582 0.0831292 0.101779 0.0394263 0.0427198 0.0424962 0.0246822 0.0225365 0.0257522 0.0145163 0.0106344 0.00255136
threshold=1.9712560816443736 0.48440956917461703 1.0144230769230771 10.653444813253294 130.50000000000003 10.136313477754813 0.20746492518160531 154.25003457772343 9.6687383975190873 -0.21022365857738434 155.50000000000003 4.1202935664404601 75.500000000000014 115.50000000000001 -0.60785761079279388 32942.756166666666
decision_type=2 2 2 2 2 2 2 2 2 2 2 2 2 2 2 2
left_child=1 3 -2 4 7 6 -6 8 -1 13 -10 12 -4 -9 -7 -16
right_child=2 -3 11 -5 5 14 -8 9 10 -11 -12 -13 -14 -15 15 -17
leaf_value=0.0026199882605679133 -0.009255800423255826 0.012233321631356552 0.0031083032700478562 -0.0031007889647632235 0 -0.000946443476623578 0.0065283500858990115 -0.004146164652614439 -0.0018993467809815712 0 0.00069523457821001186 -0.0010981842657291493 0 0 0 0.0013590038374409492
leaf_weight=39 35 23 23 23 24 38 32 30 36 32 20 28 26 35 20 20
leaf_count=39 35 23 23 23 24 38 32 30 36 32 20 28 26 35 20 20
internal_value=1.32016e-05 0.00102448 -0.00282069 0 0.000399692 0.00167289 0.00388752 -0.000253254 0.00054605 -0.00151741 -0.000166317 0 0.00139195 -0.00269122 0 0.000811689
internal_weight=484 372 112 349 326 134 56 192 95 97 56 77 49 65 78 40
internal_count=484 372 112 349 326 134 56 192 95 97 56 77 49 65 78 40
is_linear=0
shrinkage=0.0798702


Tree=83
num_leaves=14
num_cat=0
split_feature=76 22 22 89 105 38 72 35 102 21 79 24 5
split_gain=0.176516 0.371846 0.0315757 0.0641891 0.0450387 0.067232 0.0379363 0.0377554 0.0260203 0.0206209 0.0205021 0.020456 0.000354602
threshold=0.027959436307257092 0.99024581825578073 0.78192542922038299 10.264600320879035 1.0845876616493537 92.500000000000014 18095.660714285717 165.57351836451838 152.5255463014461 0.69056404122701587 0.30010923131756945 -0.30982845708428081 3.5000000000000004
decision_type=2 2 2 2 2 2 2 2 2 2 2 2 2
left_child=-1 2 4 -4 -2 8 10 9 -6 -8 -7 -9 -5
right_child=1 -3 3 12 5 6 7 11 -10 -11 -12 -13 -14
leaf_value=0.0063955907146067883 0.0023633826304567222 -0.0081341147956419252 0.0038384143624839006 0 0 0.0032476898535130699 -0.0020071889395832376 0.0017597620460236066 -0.0039879143130298741 0 0 0 -0.00024796299867183968
leaf_weight=22 37 31 39 22 28 29 82 50 36 33 20 23 32
leaf_count=22 37 31 39 22 28 29 82 50 36 33 20 23 32
internal_value=4.9853e-06 -0.000254451 0.000280456 0.00155252 0 -0.000419795 1.54184e-05 -0.000292059 -0.00264901 -0.00134938 0.00204802 0.000709683 0
internal_weight=484 462 431 93 338 301 237 188 64 115 49 73 54
internal_count=484 462 431 93 338 301 237 188 64 115 49 73 54
is_linear=0
shrinkage=0.0798702


Tree=84
num_leaves=17
num_cat=0
split_feature=82 73 91 88 5 55 42 58 55 73 40 22 107 3 35 32
split_gain=0.153819 0.345149 0.0391893 0.0791174 0.0282768 0.0538604 0.0748282 0.0322079 0.0309227 0.0478397 0.0629517 0.0393752 0.0288582 0.0277343 0.0106837 0.00902991
threshold=0.078058652058309669 0.12620030392347303 0.24112122475850592 10.503804288077236 3.5000000000000004 154.25003457772343 25242.235000000004 82.000000000000014 144.56804432930343 0.26186214725884732 164.77668961240315 -0.28519997588938989 19.202476500000007 5.5000000000000009 144.82483524337019 16561.215000000004
decision_type=2 2 2 2 2 2 2 2 2 2 2 2 2 2 2 2
left_child=-1 -2 3 -3 5 6 7 -4 11 14 -11 -6 15 -13 -10 -7
right_child=1 2 4 -5 8 12 -8 -9 9 10 -12 13 -14 -15 -16 -17
leaf_value=0.0059761157843834277 -0.0094479968713655233 0.0055661092665773839 0.00024058369356481251 0 0 0.0014021187039564419 0 0.0065176081141344253 0 0.0036617496683749068 0 0 -0.002232813134643589 -0.0042135781480293335 -0.001819111734905235 0
leaf_weight=22 20 20 32 21 26 25 38 21 20 38 32 22 34 36 56 21
leaf_count=22 20 20 32 21 26 25 38 21 20 38 32 22 34 36 56 21
internal_value=6.33e-06 -0.000228968 0.000172814 0.00239812 0 0.000681111 0.00208114 0.00392925 -0.000648802 0 0.00151724 -0.00182614 -0.000347812 -0.00295228 -0.00128312 0.000137649
internal_weight=484 462 442 41 401 171 91 53 230 146 70 84 80 58 76 46
internal_count=484 462 442 41 401 171 91 53 230 146 70 84 80 58 76 46
is_linear=0
shrinkage=0.0798702


Tree=85
num_leaves=17
num_cat=0
split_feature=97 6 82 60 79 107 107 68 35 60 46 77 65 30 40 40
split_gain=0.190334 0.50564 0.393415 0.0349145 0.0862543 0.0555006 0.0527306 0.0404106 0.0552347 0.0280489 0.00890495 0.0306371 0.00755052 0.00603055 0.00580925 0.00352796
threshold=1.9712560816443736 12.500000000000002 0.11991258723980867 141.29438565927015 0.24016860459559439 19.292022000000003 18.899427000000003 134.00000000000003 153.75066382978727 177.78606685953073 9.3653664172856299 9.07547966675933 157.49694058515857 158.94171631205677 155.97556746532157 145.20625820959455
decision_type=2 2 2 2 2 2 2 2 2 2 2 2 2 2 2 2
left_child=1 -1 -2 4 -3 -6 9 8 13 14 11 -4 -9 -8 15 -5
right_child=2 3 10 6 5 -7 7 12 -10 -11 -12 -13 -14 -15 -16 -17
leaf_value=0.012018470914989098 -0.010815382206967995 -0.00012225468697824957 0 0 0 0.0066981563566875712 0.00082407638755578692 0.0010179034855650935 -0.0037534750663122353 0.0030104888804348378 0.0010168731370503198 -0.0027538720011362448 -0.0004534118780810937 -0.0008531558026953198 -0.00066649069682223647 0.0011908639850988971
leaf_weight=20 24 38 36 20 22 20 21 34 57 25 28 24 34 24 31 26
leaf_count=20 24 38 36 20 22 20 21 34 57 25 28 24 34 24 31 26
internal_value=0 0.000972253 -0.00271046 5.11809e-05 0.00156845 0.00402539 -0.000233385 -0.00122056 -0.00220281 0.000923427 0 -0.00059452 0 0 0 0.000645458
internal_weight=484 372 112 352 80 42 272 170 102 102 88 60 68 45 77 46
internal_count=484 372 112 352 80 42 272 170 102 102 88 60 68 45 77 46
is_linear=0
shrinkage=0.0798702


Tree=86
num_leaves=16
num_cat=0
split_feature=82 45 105 107 27 25 85 91 43 46 45 54 27 46 55
split_gain=0.16711 0.341355 0.0320338 0.0507761 0.0856643 0.085404 0.0524598 0.0449558 0.0223689 0.0491431 0.0207286 0.0162843 0.00974901 0.00920182 0.00331211
threshold=0.078058652058309669 111.94662500000001 1.2117014341590615 18.152901500000002 9.6959773870177965 0.82899317702918729 0.35742357704478817 0.35401447218001092 146.50000000000003 9.8370046212059012 148.17815477680435 164.50000000000003 10.442484588453492 9.493906509093696 159.48118819188196
decision_type=2 2 2 2 2 2 2 2 2 2 2 2 2 2 2
left_child=-1 -2 3 6 5 7 14 -5 9 13 12 -12 -10 -6 -3
right_child=1 2 -4 4 8 -7 -8 -9 10 -11 11 -13 -14 -15 -16
leaf_value=0.006225439490688863 -0.0092214377671540042 0.00067689234707461884 0.0023629820837607379 0 0.00047347985766455511 0.00016552179631862702 0.0042820010446827901 -0.0056212487840736972 0.0015759382742727528 0.0029616897495612989 -0.0022776037011789786 0 0 -0.0011967823702613227 -0.00050968670134411036
leaf_weight=22 21 25 34 33 22 21 27 41 25 47 40 47 23 32 24
leaf_count=22 21 25 34 33 22 21 27 41 25 47 40 47 23 32 24
internal_value=5.79643e-06 -0.000243836 0.00016572 0 -0.00047471 -0.00248458 0.0017529 -0.00383721 0.000159493 0.00115362 -0.000239701 -0.00118304 0.000472703 0 0
internal_weight=484 462 441 407 331 95 76 74 236 101 135 87 48 54 49
internal_count=484 462 441 407 331 95 76 74 236 101 135 87 48 54 49
is_linear=0
shrinkage=0.0798702


Tree=87
num_leaves=19
num_cat=0
split_feature=97 83 76 85 85 107 97 4 57 33 59 57 12 70 30 54 85 61
split_gain=0.161303 0.508827 0.374263 0.033867 0.071901 0.0516309 0.0747494 0.0497998 0.0372277 0.0251264 0.0381447 0.0193233 0.0177191 0.010325 0.0135735 0.00761743 0.0363252 0.00118715
threshold=1.9712560816443736 9.4704398727069581 0.066274219394979836 0.2606740347514489 0.21985044244675164 19.137653500000003 0.31789435245275488 14.500000000000002 20986.050000000003 198.50000000000003 98.500000000000014 15135.265000000001 -0.21694186955877909 148.16242470295666 152.5255463014461 47.000000000000007 0.55669098158716246 9.886331087243784
decision_type=2 2 2 2 2 2 2 2 2 2 2 2 2 2 2 2 2 2
left_child=1 -1 -2 4 13 8 17 -6 11 10 -8 -5 -10 -3 -15 16 -4 -7
right_child=2 3 15 5 7 6 9 -9 12 -11 -12 -13 -14 14 -16 -17 -18 -19
leaf_value=0.011982992511516044 -0.010381225108613093 0.00053690382470240395 -0.0028437975467116884 0 0 0 0 0.0055226617512787422 0 0 -0.0064664182596542233 -0.0021199756314505096 0.0035451808026427511 0 -0.0021332423742668385 0.001039313579393572 0.00021940078647334928 0.00055270687432355553
leaf_weight=20 24 38 25 34 25 20 21 26 23 20 25 24 24 26 26 30 33 20
leaf_count=20 24 38 25 34 25 20 21 26 23 20 25 24 24 26 26 30 33 20
internal_value=9.62459e-06 0.000912589 -0.00247469 0 0.00105655 -0.000496991 -0.0018156 0.00333743 0.000398725 -0.00344892 -0.00444239 -0.000312333 0.00219186 0 -0.000970874 0 -0.000418811 0
internal_weight=484 372 112 352 141 211 106 51 105 66 46 58 47 90 52 88 58 40
internal_count=484 372 112 352 141 211 106 51 105 66 46 58 47 90 52 88 58 40
is_linear=0
shrinkage=0.0798702


Tree=88
num_leaves=14
num_cat=0
split_feature=76 22 104 50 32 70 81 70 30 70 68 65 48
split_gain=0.178005 0.30639 0.0306308 0.0169215 0.0325367 0.0170534 0.0478793 0.0475371 0.0300171 0.0445966 0.0203266 0.0135551 0.00964021
threshold=0.027959436307257092 0.98770287048522631 316.50000000000006 189.01701113995247 11319.960000000001 136.20592715231791 9.6876087822363015 142.80363612969637 149.36932726864333 169.36487516087519 108.50000000000001 166.91670006744388 88.500000000000014
decision_type=2 2 2 2 2 2 2 2 2 2 2 2 2
left_child=-1 2 3 5 -5 6 -2 -7 10 -10 -9 12 -8
right_child=1 -3 -4 4 -6 7 11 8 9 -11 -12 -13 -14
leaf_value=0.0064313359233727357 0.00049316780055649737 -0.0070961425571500611 0.002892934401239841 0 0.0028650204618228944 0.0028837036620354452 -0.0045655706212426438 0 -0.002305971664478827 0 0.0017278578123460723 0 0
leaf_weight=22 29 34 22 21 33 31 22 40 79 52 51 23 25
leaf_count=22 29 34 22 21 33 31 22 40 79 52 51 23 25
internal_value=1.78011e-05 -0.000243082 0.000258012 0 0.0013213 -0.000121971 -0.00104458 5.72917e-05 -0.000168924 -0.00108909 0.000620606 -0.00234269 -0.0030976
internal_weight=484 462 428 406 54 352 99 253 222 131 91 70 47
internal_count=484 462 428 406 54 352 99 253 222 131 91 70 47
is_linear=0
shrinkage=0.0798702


Tree=89
num_leaves=19
num_cat=0
split_feature=76 31 60 79 30 35 27 42 30 60 34 31 82 46 105 21 21 59
split_gain=0.154956 0.280571 0.0325803 0.0435896 0.0468136 0.0533194 0.036089 0.0651383 0.0449049 0.0325754 0.0327581 0.0134926 0.00688686 0.00615853 0.00938635 0.00445651 0.0175302 0.000551839
threshold=0.027959436307257092 7.8351433935348007 149.54573931034486 0.23981116389060991 156.63062211981568 169.36487516087519 9.6959773870177965 12618.975 142.97681277056282 163.79273437500004 132.50000000000003 10.207754153275522 10.329978276884534 10.468436016814129 1.1347234226447711 0.52766072109828632 -0.099819732675876835 174.50000000000003
decision_type=2 2 2 2 2 2 2 2 2 2 2 2 2 2 2 2 2 2
left_child=-1 -2 3 13 15 -6 7 -4 -9 11 -11 -8 -12 14 -3 16 -5 -13
right_child=1 2 6 4 5 -7 9 8 -10 10 12 17 -14 -15 -16 -17 -18 -19
leaf_value=0.0060095166226365468 -0.0083573628525801438 0 0 0 0.0055709317422523493 0 -0.0018004741465377173 0 -0.0060848332317380875 0.003081418341703804 -0.00058926984008323053 0.00036945395109399805 0.00094406533595439983 4.8979725696670928e-05 -0.001959993524859596 -0.00029636440755699024 0.0023593143085349649 0
leaf_weight=22 21 23 33 20 31 21 37 20 21 34 35 21 29 32 21 21 20 22
leaf_count=22 21 23 33 20 31 21 37 20 21 34 35 21 29 32 21 21 20 22
internal_value=2.30931e-05 -0.000213331 0.000147671 0.00100036 0.00200177 0.00368371 -0.000303357 -0.00179161 -0.00382071 7.18497e-05 0.00124509 -0.000763292 0 0 -0.000896328 0 0.000764291 0
internal_weight=484 462 441 189 113 52 252 74 41 178 98 80 64 76 44 61 40 43
internal_count=484 462 441 189 113 52 252 74 41 178 98 80 64 76 44 61 40 43
is_linear=0
shrinkage=0.0798702


Tree=90
num_leaves=19
num_cat=0
split_feature=97 24 82 37 70 58 107 56 37 55 55 106 55 31 26 56 37 45
split_gain=0.146538 0.50851 0.376597 0.032006 0.0722749 0.03017 0.0425982 0.0147217 0.0182211 0.0126087 0.0334404 0.0131489 0.00766569 0.0266408 0.026089 0.00293887 0.0045473 0.000296796
threshold=1.9712560816443736 0.98448590438035632 0.11991258723980867 28501.250000000004 142.80363612969637 145.00000000000003 18.976741000000001 9.9744244919993097 22103.225000000002 154.25003457772343 142.24862719941351 2399.8550000000005 145.20625820959455 8.9829199866282607 -0.68744287537730653 10.087065087572368 34284.820000000007 153.77996259541987
decision_type=2 2 2 2 2 2 2 2 2 2 2 2 2 2 2 2 2 2
left_child=1 3 -2 5 -5 7 -7 8 9 10 -1 -11 13 -4 -14 -6 -17 -18
right_child=2 -3 12 4 15 6 -8 -9 -10 11 -12 -13 14 -15 -16 16 17 -19
leaf_value=0 -0.010286204146565744 0.011707507030037076 0 0.0044641888924562452 0.00062921001846892653 0 -0.0035132448558584375 0.0016867127702923724 -0.001775220990594861 0 0.0031046874337988719 -0.0018332845616972667 0 -0.0026280246107098816 0.0028907109391261535 0 0 -0.0010853619322956976
leaf_weight=35 24 21 27 26 29 20 37 25 35 28 24 25 20 21 20 21 20 26
leaf_count=35 24 21 27 26 29 20 37 25 35 28 24 25 20 21 20 21 20 26
internal_value=1.39989e-05 0.000878953 -0.00234787 0 0.00109694 -0.00046984 -0.00198746 0 -0.000245643 0 0.00100313 -0.000530177 0 -0.000393509 0.000953557 0 -0.000273495 -0.000822717
internal_weight=484 372 112 351 122 229 57 172 147 112 59 53 88 48 40 96 67 46
internal_count=484 372 112 351 122 229 57 172 147 112 59 53 88 48 40 96 67 46
is_linear=0
shrinkage=0.0798702


Tree=91
num_leaves=17
num_cat=0
split_feature=76 45 23 36 41 45 85 54 66 85 26 54 54 55 27 41
split_gain=0.166658 0.241392 0.0317473 0.0346558 0.0346549 0.0443777 0.0585581 0.0291671 0.0256657 0.0238146 0.0204778 0.0147315 0.0236408 0.014695 0.00982608 0.00147554
threshold=0.027959436307257092 111.94662500000001 -0.90163369914317015 10.165190729107485 9.3749816739335685 158.94171631205677 0.40930568264734229 65.500000000000014 9.8406427374854832 0.31401793973357778 0.55119311828352779 136.50000000000003 94.000000000000014 157.61712355404867 10.458338180849234 8.8623444904144719
decision_type=2 2 2 2 2 2 2 2 2 2 2 2 2 2 2 2
left_child=-1 -2 3 -3 7 8 9 15 11 10 -7 12 -6 14 -10 -4
right_child=1 2 4 -5 5 6 -8 -9 13 -11 -12 -13 -14 -15 -16 -17
leaf_value=0.0062244477578129367 -0.0077805620296799542 0 0.00032109555578090023 0.0041495667671778971 0 -0.0018451391823668139 -0.005216650855045306 0.0030407651601866217 0.0024588388082837816 0.0010076918552100226 0 0 -0.0028932456189641929 0 0 -0.00052591912548633402
leaf_weight=22 21 32 20 20 20 74 22 30 42 22 20 27 29 36 27 20
leaf_count=22 21 32 20 20 20 74 22 30 42 22 20 27 29 36 27 20
internal_value=1.62152e-05 -0.000232869 9.38434e-05 0.00190359 -4.099e-05 -0.000515715 -0.00160625 0.00134659 6.5903e-05 -0.000326768 -0.00118024 -0.000686455 -0.00156679 0.00107325 0.00172749 0
internal_weight=484 462 441 52 389 319 138 70 181 116 94 76 49 105 69 40
internal_count=484 462 441 52 389 319 138 70 181 116 94 76 49 105 69 40
is_linear=0
shrinkage=0.0798702


Tree=92
num_leaves=18
num_cat=0
split_feature=76 107 55 65 32 107 55 55 78 104 25 107 55 102 65 50 63
split_gain=0.144883 0.217643 0.0235966 0.068224 0.0652778 0.056488 0.0966361 0.0543224 0.0331702 0.0336166 0.0218218 0.0128855 0.00961932 0.00317601 0.002972 0.00115542 0.00109547
threshold=0.027959436307257092 16.669966000000006 142.24862719941351 159.60883734939762 13642.005000000003 20.295054000000004 176.38168627903403 137.88743926510784 21219.344285714291 137.50000000000003 0.29239989284795059 19.668509500000003 154.01696047430835 174.66734250703098 142.04359860248448 149.48498396150765 157.50000000000003
decision_type=2 2 2 2 2 2 2 2 2 2 2 2 2 2 2 2 2
left_child=-1 -2 7 5 -5 6 10 11 9 -6 12 14 -4 -7 -3 -12 -10
right_child=1 2 3 4 8 13 -8 -9 16 -11 15 -13 -14 -15 -16 -17 -18
leaf_value=0.0058161981917725465 -0.0069710730332628078 -0.00081104168296231623 0.0030209117151411059 0.0018746003470740797 -0.0052029828247872403 0 0.0062160745417868387 -0.0030039402358181316 0 0 0 0.0013976550575943 0 -0.00082468203629821539 0 -0.00048150934552109619 -0.00048433492179327339
leaf_weight=22 24 25 20 31 23 32 33 39 34 21 22 37 22 25 22 27 25
leaf_count=22 24 25 20 31 23 32 33 39 34 21 22 37 22 25 22 27 25
internal_value=2.70173e-05 -0.000198127 0.000131186 0.000585057 -0.000506597 0.00165529 0.00259819 -0.000617247 -0.0017398 -0.00332025 0.000517623 2.85646e-05 0.00187713 0 -0.000110886 0 0
internal_weight=484 462 438 315 134 181 124 123 103 44 91 84 42 57 47 49 59
internal_count=484 462 438 315 134 181 124 123 103 44 91 84 42 57 47 49 59
is_linear=0
shrinkage=0.0798702


Tree=93
num_leaves=18
num_cat=0
split_feature=97 85 88 85 85 43 106 73 60 43 35 43 26 104 81 95 50
split_gain=0.134069 0.497881 0.376555 0.0344757 0.064105 0.0443136 0.0659218 0.0416491 0.0345365 0.0313349 0.0176687 0.0116533 0.00972292 0.0257436 0.00862366 0.00796595 8.11837e-05
threshold=1.9712560816443736 0.48440956917461703 0.1266439916054421 0.2606740347514489 0.21985044244675164 124.50000000000001 3359.3550000000005 0.23836088879935766 160.54647615624253 134.00000000000003 154.99180459770119 194.50000000000003 -0.68744287537730653 73.500000000000014 10.15912333956112 10.361302416960354 159.33870117889492
decision_type=2 2 2 2 2 2 2 2 2 2 2 2 2 2 2 2 2
left_child=1 3 -2 4 11 8 7 -7 14 -6 -10 -1 -4 -14 -5 -13 -8
right_child=2 -3 12 5 9 6 16 -9 10 -11 -12 15 13 -15 -16 -17 -18
leaf_value=-0.0012471896780271794 -0.010180035335553374 0.011142056797365577 -0.00061900573155791467 0 0 0 0 -0.0054828478313210614 0 0.0045722779755328321 -0.0022471458211038081 0.0013576384535709607 0.0023715088897491841 0 0.0028115201334817639 0 0.00013184987047084137
leaf_weight=38 24 23 31 27 20 20 32 30 24 31 23 27 33 24 27 25 25
leaf_count=38 24 23 31 27 20 20 32 30 24 31 23 27 33 24 27 25 25
internal_value=2.15922e-05 0.000852704 -0.0022314 0 0.000977814 -0.000615203 -0.00179362 -0.00377348 0.000184052 0.00313504 -0.000730272 0 0 0.000884224 0.0018272 0.000370105 0
internal_weight=484 372 112 349 141 208 107 50 101 51 47 90 88 57 54 52 57
internal_count=484 372 112 349 141 208 107 50 101 51 47 90 88 57 54 52 57
is_linear=0
shrinkage=0.0798702


end of trees

feature_importances:
fourier_cos_2=63
day_of_week=55
aov_lag_7=39
fourier_sin_2=38
log_rev_lag_1=36
aov_lag_28=36
aov_lag_30=32
log_rev_roll_max_7=32
avg_freight_prev_day=32
log_rev_roll_std_7=30
aov_lag_3=29
log_rev_roll_std_90=29
items_per_order_prev_day=29
time_index=29
log_rev_roll_std_14=28
freight_prev_day=25
day_of_month=23
items_prev_day=23
aov_lag_90=22
aov_lag_1=21
log_rev_lag_7=21
orders_lag_7=21
fourier_cos_3=20
aov_lag_60=20
log_rev_roll_std_30=20
log_rev_lag_14=19
aov_lag_14=19
log_rev_roll_ema_7=19
fourier_cos_1=18
log_rev_lag_2=17
orders_lag_2=16
day_sin=15
fourier_sin_3=15
log_rev_lag_30=15
fourier_sin_1=14
log_rev_lag_90=13
log_rev_roll_mean_7=13
orders_lag_1=12
aov_lag_2=12
orders_lag_30=12
orders_lag_60=12
log_rev_lag_60=11
log_rev_roll_std_60=11
rev_lag_2=10
customers_lag_28=10
rev_lag_3=9
log_rev_lag_28=9
orders_lag_90=9
log_rev_roll_ema_14=9
aov_prev_day=9
log_rev_lag_3=8
rev_lag_30=8
weekend_flag=7
customers_lag_1=7
rev_lag_7=7
rev_roll_mean_7=7
log_rev_roll_min_7=7
log_rev_roll_ema_30=7
customers_lag_2=6
customers_lag_3=6
day_of_year=5
customers_lag_7=5
rev_lag_28=5
customers_lag_30=5
log_rev_roll_mean_30=5
orders_lag_3=4
customers_lag_14=4
customers_lag_90=4
log_rev_roll_mean_60=4
orders_lag_14=3
rev_lag_60=3
rev_lag_90=3
log_rev_roll_max_14=3
log_rev_roll_ema_60=3
log_rev_roll_mean_90=3
orders_prev_day=3
week_of_year=2
customers_lag_60=2
rev_roll_mean_14=2
log_rev_roll_max_30=2
rev_roll_mean_60=2
quarter=1
month_sin=1
orders_lag_28=1
log_rev_roll_mean_14=1
rev_roll_mean_30=1
log_rev_roll_min_60=1
log_rev_roll_ema_90=1

parameters:
[boosting: gbdt]
[objective: regression]
[metric: rmse]
[tree_learner: serial]
[device_type: cpu]
[data_sample_strategy: bagging]
[data: ]
[valid: ]
[num_iterations: 347]
[learning_rate: 0.0798702]
[num_leaves: 31]
[num_threads: 0]
[seed: 42]
[deterministic: 0]
[force_col_wise: 0]
[force_row_wise: 0]
[histogram_pool_size: -1]
[max_depth: 8]
[min_data_in_leaf: 20]
[min_sum_hessian_in_leaf: 0.001]
[bagging_fraction: 0.997262]
[pos_bagging_fraction: 1]
[neg_bagging_fraction: 1]
[bagging_freq: 0]
[bagging_seed: 400]
[bagging_by_query: 0]
[feature_fraction: 0.632816]
[feature_fraction_bynode: 1]
[feature_fraction_seed: 30056]
[extra_trees: 0]
[extra_seed: 12879]
[early_stopping_round: 0]
[early_stopping_min_delta: 0]
[first_metric_only: 0]
[max_delta_step: 0]
[lambda_l1: 0.62764]
[lambda_l2: 4.79059]
[linear_lambda: 0]
[min_gain_to_split: 0]
[drop_rate: 0.1]
[max_drop: 50]
[skip_drop: 0.5]
[xgboost_dart_mode: 0]
[uniform_drop: 0]
[drop_seed: 17869]
[top_rate: 0.2]
[other_rate: 0.1]
[min_data_per_group: 100]
[max_cat_threshold: 32]
[cat_l2: 10]
[cat_smooth: 10]
[max_cat_to_onehot: 4]
[top_k: 20]
[monotone_constraints: ]
[monotone_constraints_method: basic]
[monotone_penalty: 0]
[feature_contri: ]
[forcedsplits_filename: ]
[refit_decay_rate: 0.9]
[cegb_tradeoff: 1]
[cegb_penalty_split: 0]
[cegb_penalty_feature_lazy: ]
[cegb_penalty_feature_coupled: ]
[path_smooth: 0]
[interaction_constraints: ]
[verbosity: -1]
[saved_feature_importance_type: 0]
[use_quantized_grad: 0]
[num_grad_quant_bins: 4]
[quant_train_renew_leaf: 0]
[stochastic_rounding: 1]
[linear_tree: 0]
[max_bin: 255]
[max_bin_by_feature: ]
[min_data_in_bin: 3]
[bin_construct_sample_cnt: 200000]
[data_random_seed: 175]
[is_enable_sparse: 1]
[enable_bundle: 1]
[use_missing: 1]
[zero_as_missing: 0]
[feature_pre_filter: 1]
[pre_partition: 0]
[two_round: 0]
[header: 0]
[label_column: ]
[weight_column: ]
[group_column: ]
[ignore_column: ]
[categorical_feature: ]
[forcedbins_filename: ]
[precise_float_parser: 0]
[parser_config_file: ]
[objective_seed: 16083]
[num_class: 1]
[is_unbalance: 0]
[scale_pos_weight: 1]
[sigmoid: 1]
[boost_from_average: 1]
[reg_sqrt: 0]
[alpha: 0.9]
[fair_c: 1]
[poisson_max_delta_step: 0.7]
[tweedie_variance_power: 1.5]
[lambdarank_truncation_level: 30]
[lambdarank_norm: 1]
[label_gain: ]
[lambdarank_position_bias_regularization: 0]
[eval_at: ]
[multi_error_top_k: 1]
[auc_mu_weights: ]
[num_machines: 1]
[local_listen_port: 12400]
[time_out: 120]
[machine_list_filename: ]
[machines: ]
[gpu_platform_id: -1]
[gpu_device_id: -1]
[gpu_use_dp: 0]
[num_gpu: 1]

end of parameters

pandas_categorical:[]
